id,sequence,label
0,doubtgycedjgtsrufyfqkauefqvrkx,1
1,hjyazdsjvkiswrnetlvtgtwhatsoev,0
2,errjtujrhfdvfizwpmqrihscesyrmw,0
3,ehzmamsjwdpezyrwtnrdkutjjiyelf,0
4,actfzqkgoghuknascnhewfzemcuivm,0
5,roigbcaftfzlevnwwoklpbnzkbxgbh,0
6,cmuzpukpqazwiuiaovcqxnqmhybgoy,0
7,hhohlostogwosnvxxmzyllrylsybiy,1
8,boxvdapujzrwtuhfwqckwyuhadmekn,1
9,ccqqsnavrubeenhastediousnheslh,1
10,ltifzhxfqbjfghubhaxoaxatxbehcn,0
11,jpnmuxnjscrjzhsswfjjmzcnevpeej,0
12,uxkfchardfjkuxhoursfcnsrckxrid,1
13,shkmtjgfoaivxjwzxkzdkffkijzxmi,0
14,nbyhzwkeqcuifabqrhpdpuunavaili,0
15,ngbahuidqubpkqfsearchiumnufdjm,1
16,mrddpdoucjvqholqsrpekdnnszgncx,0
17,qcztfyvcygmrxcqqjascgadmpdvuug,0
18,tpekzswpvuoodawsufferingyxeent,1
19,oderltphgpnzbevkchtnnsgatcamhg,0
20,sqjrxxkqqzmapivgsmnvxoawdogwuz,0
21,lpfatiguetaexhbnbyejzqzjcdvlkm,1
22,gvfjpkeseitfvscjorpurtysikbdyu,0
23,raysbwcghtgkpoyscdtoakkjertsom,0
24,brvcwuwjesolmilantgpjwzqhzoruz,1
25,psxlboihezljcdnvdjsuitwftkjwps,0
26,ukvjkaoogfgjlsyxnjkbtccodebhir,0
27,iayeodabyzzqqdestspendingoatoc,1
28,fjwtefifnzcrfphwxjqizmnxfvbrvl,0
29,cogkepreciousungnpnbsqnwlbhwtq,1
30,gelngzrskhshbjaxkrcavcgcdizwan,0
31,zigersoidshubeyvyxaqqtoxudatcl,0
32,vrmozyvpszjfiywshkmuhjvdxwubej,0
33,ingaijdrivingtahxjihqswlbzuymu,1
34,swzwlwucojfinlkvltstuudzzeowoz,0
35,mmlzadlwtknelhotelyhvypjmuaebb,1
36,fzsuczblcpnlqmxoezidmywrnzieys,0
37,qwyvnqmlhqohcbbiqgtftstpkgwekp,0
38,kijacwqctwtgxboxszqthoksivdaak,1
39,jgpduquftzdjthutefbvtsfroluztp,0
40,pnhyspsujwjwmgeshadwaszfwstdmr,1
41,cljzqhuzyczxkfbeengjkmzrrvlrin,1
42,trdwjrlnmimuczhntasafevczvkrox,1
43,lqiarpvjffgbkkiqrpujkoigrpofun,0
44,atglxfdeyxmhsebvlhobffberstand,0
45,inghzbkzeluhwugyawkpbroomrjbto,1
46,inoztwrbellaggioixljwxkeznghfz,1
47,czxmxdszwlludmcdawwhhdrohowvkb,0
48,gjxhiddenipgasduqowlkyfsshpbzt,1
49,ndqiexlbfafhucyzmjembelhhpureb,0
50,nrugsegjbbkhuofpqzwtnwddfopogu,1
51,mxqkiwuloncqghgxwuoikkvfounddq,1
52,ogrdrocqlookedwdrbeabrrdkuyjfa,1
53,ultprxowpwzirnexvpicqdinqdawoo,0
54,ihbnvntzrczijqmcecyssplzwzoyor,0
55,cwiwdlzyhscshrhsersoxthkacqgea,0
56,genneqmrsuxqzofefwgtpdwfreawxv,1
57,xblxnfwydwezvlkcoguitaiigoambh,0
58,uxvimczxgrkbsbkjltyokbwhmqbyhe,0
59,vjptgkymeofvfagreenelmrunwzoex,1
60,whatrkbegrvwkvcsjxscpspblavzrn,0
61,jmactifjuugjyrmwgjgpehwevwbrqj,0
62,xfrwwseyeszfbbefsbtgffasghgdwk,1
63,dqkohjbbhadntdhjrzqmbmjpxjklvn,1
64,cknixfdshystericalfvirtqquterr,1
65,ibleuzloeauqimshdfanbxenjqyjya,0
66,zpmqinksophonisbamadxxcmnxqisu,1
67,pwilazhsgpgtptyzhmwcxbgponlbng,0
68,hvlookedqlbjulptrrjwnhbwzjxljh,1
69,iitrswhawiujopaiojzhcmcmvnfzkp,0
70,jsacrqqafmjvkjwskpcmhgyeqrdlix,0
71,rrutwmaszyolqwjisconvicteddosn,1
72,agkexvcgvlzsgsthiefybfycvsnwjp,1
73,xlvxomjhuelfltkqmjhzhnpxmjiclb,0
74,mxlywsmrsuznnnojegfgwuqecihyjo,0
75,rixyppjsguejxputudqaozqmdkojcq,1
76,hfrlmrpwkeqtfpkzsqlfmmslcxajph,0
77,ahkzwxpisekimdvsfaqdbajwmlsrel,0
78,qfofoboxyypoxpkjpclvtyzcojunqt,1
79,urningezlqbtgnatlffswulsisdvuf,0
80,xebiziwxmiofnnrbovayzqcitplfie,0
81,rcelyswhmvzpohrckzvxqhniszpxmc,0
82,qrtnosvoaekyqpyccfrwwzegbxgboo,0
83,tscbootsbzmjgoceqgusxijbtjlnmo,1
84,nsieurlmrjiiapzeusekcwrgkkqkmr,0
85,gbrqsbgcnjmogwszuvdfignhqypslh,0
86,okbcqrvwsctsuosfndymmjodauoexe,0
87,xpressioqudwbdfetfsmzsfjgekucq,0
88,hrkbuuunzhjybhheircodoqtnbvkhe,0
89,cxhcdjeqychdkdiymxwuvgwwayxjpc,0
90,aakbkwgtgrgofguwordericumrfitt,1
91,nbbyaghopcqzdegyukqoiqcfxbrgcv,0
92,qbykqxqeywrkindnrazpqvpuiljsye,0
93,lnzmdyvngsugaulhxwsborderltbev,1
94,nebxedexclaimedddoeagcnhjxghmx,1
95,emkibygwsnwqbootslzqpkumglemiy,1
96,zhtdqthefzngbyxueaqunxddezetvn,0
97,aafhqbjkcsratzjasmqejnfvyhigpx,0
98,yfavofozntszycorpogfjzhjnmizam,1
99,fyodruwasnsgfffhlifbiucjqzvkkh,0
100,awgimwerjeukxcwdiuzoogtrazkecf,0
101,iuzafvfkisogdiiicuyhykaqvchrfl,1
102,dhkvptgewxxzblnbonzepideajderg,0
103,phqwaiiwhjmjgbacchoriqwuywqmnz,1
104,kpvhgtyzuxsabplujruuhmubkjdcfv,0
105,cklfylmnqmmtzhlwilandlordnzqrp,1
106,ginsknucapoygrcheaouughliokcxa,0
107,dasvmzbexaenqxmflmaaokhvnrrhek,0
108,pyrdvuajsxlookedarbfjeadownrth,1
109,oijyjotquopmkkokygthhbvzixbmpa,0
110,wbcfbacuwjrwzjrbcxitdsgnpzogte,0
111,zcoplyathiefnmgpueqcsjrflmnnid,1
112,qjhaycksgxlunrpujikqgmxujmwngv,0
113,jsypqtimeqezrbyrpfcinpzwmqdwts,1
114,lzpyfwpwnuqntaojbgmfmamopppiqc,0
115,landladydxkformixsjkzdgdwrdxan,1
116,yakcmpkrgsffbumheiiofjfwjevbhm,0
117,zbuspdaughtersussgjepnsbvyefmu,1
118,xmlqynzthaddarajknsjiclustered,1
119,ogaimukcnlvciroundqcjvwmprzchx,1
120,mqtewsgtsqnacmikqtszvzpzrbbezf,0
121,hqvxorilipwtujremrshuamxsnxabt,1
122,fcwwxfupftgjymuofgreenehbbznoy,1
123,nlzqfyspxmcfuadministeringcwmz,1
124,gwpdnqufwfagpssxfuuhnppmromann,0
125,ersmssoxnjkzveupmpumjnemimdulm,0
126,dansjivjyncxngtjqzcjbrsjqfwzti,0
127,rqixqqhxwbiykymootgdufpcamydep,0
128,ydzbiakdgnitaliantwveeqxrtavun,1
129,iwudalrygvykvgflhlwjbfahkuxqyw,0
130,wxoezavclbqwmconsolationkryaeo,1
131,kelvmszonvdkezsttozyphrysboxoh,1
132,hsnslpyewwwzinwkesibtozcbufimo,0
133,xngbkgwlanatjkxrfjjngehchfhbbl,0
134,sfbihkwpuqtvmoneyekrnrwplcgaqj,1
135,ewelsknliqwwaznoqggbejfwzfucvu,0
136,kipyrealityytozwqblspthxbslxqz,1
137,zgmrsaxtocupcxjmgbgpsvgrbbjamq,0
138,qdpwuomzgmhduincivilityhilcxcv,1
139,wpvcllnnhccsorayivnforgivennmg,1
140,ulhusaunwdxddedsmivrdmoqdzombg,0
141,ynslotzlulclolrailtjwoawwrgpky,0
142,lnlimladyhkuurhasaksfwkplfukjk,1
143,uldayucdldalosttwolsekundftszv,1
144,bejflmiesseiqlmwgetegbffergori,0
145,abiiwsttdzjnwxftzqxfthscxnndip,0
146,mupjewelscbzbhohiefsaefixafyoh,1
147,asmrbtexgeohwnoeslxjqofhamqopw,0
148,xokofofsqqtqfjbtsrnomrvzkbtxkc,0
149,qwjfoundvtpxrbthhrpbjclfaagdws,1
150,tamhrtlheauhpjihrpzinfmovkjyed,0
151,rqgkavqyoldfxflwertkawtzynysjl,0
152,prwiwxmxduxkgjvwxuarosetunzkrv,1
153,vnuwltbwxwrvmwneahurlypufafcno,1
154,uburlyeruouaiawfksbzutsjiftciw,1
155,wmqkqdfaauozokuwtwjmannerynfko,1
156,tnvljabwdknuwhjliwsilhlcxvsajk,0
157,fswcodsqxjwckziftexuodiousbofb,1
158,ayljftygcdxfuipwiouqytrunkyrqj,1
159,bvrorngyiovmxcrcckcnacvymufmdx,0
160,lnjrdpvmniexerkdfqztzwzqzxjdie,0
161,vixitvqkpkkjfoundtnwjiggkovlxo,1
162,gltiahnsdxgaavrbikgryyhmroomvd,1
163,apmukeuwwbfjjkscpmbjpoxcclqdau,0
164,vhadxgtwcheboeoydhutgbuynlqfgp,1
165,fbjbeenxyjxdrmatterkctaseogmgh,1
166,glskxrnzechnsebetjmgysofodques,0
167,gcavilhqtdhhiloemtqypvdsvcooll,0
168,ytdahavegkjlwytbeeneeitvnswdus,1
169,kbrbezmwemuqlgjyegyztxnkrofkdb,0
170,bziboilinfrpndabnvmlyimfqmjrcu,0
171,azbsungksxdmvqskpxvcsrdfwclear,1
172,rreqgrizgxhnygnvieouxbkfejnamx,0
173,jpkkckcaefrnlycotofqyiprpjuctq,0
174,vmvpguknbzwhavecjflrujavbjcrdb,1
175,ubytcvzwcwcqpunmvtfsqssbagewgr,0
176,cmyznzwxmlfgrhttacegvowbrzqzrg,0
177,oxqbqjwdpjkmlyorderedenexxsten,1
178,ascdduhlujxdctrvavqnhcoeakftrt,0
179,wpwnkttkepienyryqnfebfutztilfz,0
180,dfnsfkdzwenteredkjzqozijvfwfti,1
181,yiedainzlmadrpigjixvhqubwarjsi,0
182,opichmixgbakpfuhqucllhotelmedn,1
183,plfnbyoeghodabpcgwfvkehtxpgybl,0
184,yiahnpvofneandejgpulogghorghzv,0
185,ujyiwebhhjizhmsboxesylnzyspwaz,1
186,wzmcpfyfeemrsalgxsyytwvfdubsgj,0
187,wqatlcgeydctettusfknqjuqdlcsfl,0
188,zqeypbhztgavmhxwzarpvhtglugged,1
189,cvfsuzulqhzhiuxatvtzhijgdeeacu,0
190,ldifczrzekanwnfgirlneazfdqotjj,0
191,zwwhkdnemhadatysidzxmwdqsfnayc,1
192,ckospokenoqimxllsxxautszaaword,1
193,lvulkrryuxpyxskkbkqwbfnpfnysfg,0
194,mlfmtlqexhlqepcdjuhjcqqvuhdxcd,0
195,svjqbmohvlvjrqqsmttksagzaketnt,0
196,raitorousixgbootscsvgxdlqtahco,1
197,gkzyggotzksqinmejphhhuhehgckrn,0
198,haduwyranoxdyiupskqstuvfnthmhh,1
199,srnfnjpowvsyuzswhfnuybjcafdoub,0
200,trxosqccievkwbrssusrheasnweggl,0
201,hrmpuonazxlpfndaonmgzcmiftxabf,0
202,mmnrfsvinvbnuifviflpmalicenwlu,1
203,ofysludtqkmsdpkecqzevmrxadnlfz,0
204,cicujyslzrdaxuxufgxeabpypydqma,0
205,yzsjvbulzthoepzahkslurcutxoxlo,0
206,gjmbqmprepenseomilscbujfcysxbh,1
207,tskyqdczbgrphcopbqxdmvwpxfsars,0
208,fhrllhvutgkhadnjcvynqtzdzgvkzy,1
209,rycyzzhaqotkyseuncydnfvyiotymv,0
210,grmuvndpfibkiknqhssncwpkneqejy,0
211,tdsxhdwlkogpcrtsblswiqiigreene,0
212,scvunocjyyqvdtobvvvbyoiednglqb,0
213,cnjcoszsfufhpkeultmridjwbknown,1
214,jdkjmmyaocgppkcxmnfkgmoeyndqof,0
215,upadkjnhentgfiuxhoqgwxoeaugyay,0
216,cuqhxqybnaxozodvifyqmoqvlmoney,0
217,edfettfaohkvrqxssccqpsougztbap,0
218,rgkcijwmscgdsjnxyisdjfkypqyidn,0
219,xvgukhacqldoyqrhypeopleareswed,1
220,hhxkekbialtgwlisnubkzjbqsgxpkf,0
221,tzlofmropfrturnedxsxvxklraleeq,1
222,zhdoiszprbcchrapicferbdunemost,0
223,pspjtoldbnmvqupqeqwvcwvazcmhkv,1
224,vxiysldpfreosfaceipcczwxfhdigp,1
225,enydvvxdwninqjjgsdwjorpseauzzu,0
226,iewkkkwedeehadizpiunmpvpztlble,1
227,obixxpnbaapbboukhijttdesiredim,1
228,dlshbwazvkbfvorogjuxcpnmelzwxi,0
229,qumsuovppucopfuaijsubrulxkmtcn,0
230,olqxcliboxdhddpasqoaswtecydtnv,1
231,ozcaqltgnmsusnaounelxbljormjaa,0
232,ngprtruoroomwpodyhqxbsyclxyhiu,1
233,avwhnxltkbjtfnfvnnexghummxirst,0
234,olhxpdaepfxikaofqsocqqpeatiowc,0
235,cgvggafwfinhafpartixhiajqucvlw,1
236,vapcsjpayltcljhfkrnqssdlxnzgit,0
237,bgluggagekfrgqkzlffynxyciojank,1
238,gxrxuvmacvcktkzwwuklagszdearhp,1
239,whdrhsxrhccqxfkupbyqoozajbuejs,0
240,sderffhcmrmiicqfdnzkcrsojiqzsg,1
241,ppvgyffaifovxrnygqnxovnpidxnow,0
242,pdyhyjbpvdbcoghbyzhbvurefcgfkg,0
243,evbuyesrinteihhgoyvgreenedltur,1
244,ningrajukatngopmqaddhkgplwkdei,0
245,bpqnhiduuvxonwhvrzwjfirgsogjpl,0
246,ldeslriuqmsdowifempryzqzwxvaha,1
247,nfviaopuvdzhvsnbwwrsocwnomgyme,0
248,ntionqdhwfqohkxxvxwietiixlipwp,0
249,rqngxkwlqcontentsqqeklzvcgrpwi,1
250,ljbwextomomemtqhknvigomuyqtxjj,0
251,ltpkprxuyrwdnixltluggagevmithc,1
252,upgacstfnkkqrdyhlyjocgyvzblebq,0
253,mrskamscpiwhtajpmwzilbbhxsedxm,1
254,jkfurndsnigadokstfrwqwyrrcclly,0
255,vjlsloyyzltynkwjzrxggreeneebmu,1
256,klchnkupifffyrygiwuyzsixqazyly,0
257,ustekutfjdvcoahzgnckzjpzulvxpd,0
258,sdqphvpulexdflufkxmmquijcbdxmd,0
259,lvpmockhbvcqandswxxlmnrhrepent,1
260,antfndjejmpuujszisejyaieirhtov,0
261,ylysrnhqaxoelioezgsbloraireyvt,1
262,houghtgvuxlchmamkgsmirxpdjvlmm,0
263,yuajfeyjwmqwgpdqmmatkbpxikbzha,0
264,znenmsimkknjsehdeesharpersahmv,1
265,xasvnmaqsvbncxicoofunjwkomrvvx,1
266,joxyaxclltevfuvlljqsxdixhnatav,0
267,greeneuzzavjglglxwshxxwwovkfxn,1
268,ppvhdlmsuzvsqqgtgsvyavkfxwcdns,1
269,tnxsjkmpfrphrgtrueeghvhiqbrggz,1
270,lmoehltrwvzickqykndefagskxhste,0
271,zinkrsrwzifgnqrjcejkzctkejcbtv,0
272,fmcvekdmrsvmuccqvxizvzdaxibfxr,1
273,hojlazylzcaqeyxbljrmrhrluovrpa,0
274,aossocybutqnxagjcptvrgpyfglwub,0
275,vxqgreenerzroguuiweusokxkicugq,1
276,cxerilaajkpynzvtfvceietosadbnq,0
277,vhavekyasemwzonmbeenreahfwlzvr,1
278,hswpqwdbawhaxweaaccidentalnznx,1
279,abzvvotztbwgvyfxgxscfiniwcwpvu,0
280,scawjvpbdhzxvfpzkmwpoopiaotybu,0
281,feaynxdpthapgzrsiwfusophonisba,1
282,ungjnbgumszlkrecpjyqjhghomaylh,0
283,nhearinglbzpbhedlnigvssfhwrcoy,1
284,jincazjohtjvvpbddonybawcwdvwjk,0
285,lugvwvjnnxbrdseenklpcqkrqvfego,0
286,odlzyhzjtcuqejijkahmcmltwyslkc,0
287,qwcaurwiijzzxyjqwuymtuqynnoshl,0
288,jqoctfmcobcbuzzgjaxfiyemgpuezb,0
289,dsbmgfunaturedpskdbfrjqkczcxvw,1
290,rmeufhmirzvmtueqjqgbmghfwmdyuk,0
291,cpudeoufvtikwrqaompohscgzdabiy,0
292,nfqsnpfkryntsyumcwqhwodfsurmis,0
293,ekslkhgsevkndocvjyffcncdxuwggl,0
294,urawvnbsiuulckctupapaazdytburg,1
295,rgoivgvfkrzhukrxdkjdtrsnehcenz,0
296,qfqsvpgnnsgsdbkmybwmsofzwqthsn,0
297,duqhjniciywndezrrdjbsqvkrjmamm,0
298,askespjmbzyumntqhjxtnimztbfzfh,0
299,pkxzzvzkdxenpbopdgjnfpeynpgree,0
300,nebbpkuraztvttrblbbwswvkafbuyw,0
301,ovsiymsnqijmonqhfcqjthinzjiixu,0
302,usymshookmwsgiiiagssybaaiajmpo,1
303,wgiugubkmaenrtoeellemevqzsuspi,0
304,ciousqyuxsszrfzjglpbhhradkhphe,0
305,adsfrfbmecpdrvcedjngpsftwgiwbz,0
306,qcvddeffkcdzefwwraycusresolved,1
307,fahbbrjtbhthydyddnliyjfkrimpos,0
308,sibleaegnsemymazplqzkubzhzhoir,0
309,ipswzguelgnjcdrabnjutlrwldtjyo,0
310,hadrkinosfwhyporijanyezxhozvtz,1
311,rjejubclbjbffjghsqxncintendedd,1
312,zssjjuyuqmpawgklmscbqyckstealh,1
313,aryxzbtkmafnbboxzyunuorfdryhjm,1
314,lgxzzyklsaqxwuytxkgxilbybkicty,0
315,vmzttrwqsdzvrlvxkofqfnviyjsbbc,0
316,ghnfcbgaejhzdaxhaveujxwxyncqsl,1
317,imloaoyncxcxatvmibmbykjjpefhdv,0
318,gofjtejcbjtluehfnllwoddajgrlae,0
319,okdidhvusnkmgadkpojqziibecomej,1
320,ttwwuwzfusfccyysybqmflulyxirxh,0
321,ouhtvindicatebwlwvglgfvldvuvrp,1
322,eyybocmdxbcavmijolandlordgxpri,1
323,gfinscehwiwbopuqaczdsgxtmdazyh,0
324,pfpservantsheddryduzpfixsiqaby,1
325,oznibkashpaljxdiuebbrlzoucyuvj,0
326,byzydmidsllsbrfriexsqpqwstoodb,1
327,ofsycplhxglrdfajrursmsdhymoykj,0
328,vaxzhmumheaesilencerfvouogztam,1
329,xxvjxwdfmohbqegiepbwtengrmrxiu,0
330,lphhuqctujbuwuvylnvwiplexqjjws,0
331,thpdpylzwzljbbugfglajtkvzckfme,0
332,nhtviehkdxkkthxoscqgfsccxzjknv,0
333,jyczwxfpuzyjicbebczhfgopozwyrl,0
334,hbzrfabraisedqdljmlqdrghynresj,1
335,htrunkfqontbqzyvzyxycputprfqto,1
336,nlhubpsmsxpkiggmmsgvjoineduvzw,1
337,xvpelqbvioywllwinddeefujnezfsn,0
338,ufkdvinpmfjndteisxfezveujnaatq,0
339,tjtqtprocessionkjymrncwadvjfol,1
340,lowedrmngqrwqzweibsmlpogyalprh,0
341,dsbngkxrvctfnudidvakjpmzdwxyct,0
342,kywubpawxaqkelcyaeeloyujozdxsv,0
343,bizxrhfldkueoaacarriedzmbmrwfo,1
344,odeuemdpewsqtoemfumphrfssjlhck,0
345,heuwseegfxcznxsejolroomzxyqpft,1
346,hylaaegdesgagdxdsenepgkkprftxl,0
347,mjiwohrsbuhedpvlegitimatenxuob,1
348,xmelzyvrlxnwykurhckbsmbpptqwgm,0
349,uernaapnoftycxdbgnsltpmciqpklz,0
350,qytcyufymcylgwcljzdusxqjiwsown,0
351,erdzmtrblyfuhzxgepzuipdohouseu,1
352,ogagtgtqcbozlorjqzaarooidrjefd,0
353,hmdeiehpdfexuyqmokbwxnukxvmxhg,0
354,oefrdhdglyswdvtimefduyvovpvgst,1
355,ojiyrjobmovwujdanllxqkqjrmafxa,0
356,tuscboubhgezwocgdzvxdhtfyhenvj,0
357,ginlkaigdrgwhrmmrshqhdhbukoddu,1
358,uhhrcqtzehheczfvipufbfapqrfsag,0
359,aqrnajvcgtoqxmxejxlbxasbfddcap,0
360,pmbzsqrjwazqwpqktvsawttqqtgree,0
361,nezbcodmxztftmqdiwhadokdcizjgl,0
362,ofwnhpcgmnvlhkisbvyxvhcucjnwhx,0
363,quiikoenjoyingzpbaqzrrxmojmats,1
364,wbpccupizaxqwywehajzbnbebtrium,0
365,phdezlhinagafzemrdvaysvuxqumui,0
366,cdyookaygcldiaghvgfryqvbugpwwg,0
367,dtlyhrqyrkcuxbwiyzdrzxdkxxmtvz,0
368,msofoxmeansdigwxflsdwdfiksxttn,1
369,naoguowxgooebfwtvhpbgqjrlhhdcf,0
370,zgarfqflozpbvoplcasandbhfgrudg,0
371,edcxhdvbmqbpkjqkkqfsljfhnycdix,0
372,fsmdvdarqzdentrancexrasxzidpfz,1
373,ayufoblnvccirpfxdparbkbaxcpmpn,0
374,pbriqzhljskaillkpykxhssckmjcax,0
375,dkedahjpzkbpdtkpsittingdsjyesv,1
376,crshsecaknccxajzacohgncqbnjipn,0
377,zrzcgikwpkqwvjroomdytynodahkxy,1
378,ugopwhgbpgqsoubeiphscmlewdmwev,0
379,rnjsmgygedsxkwbeiitnoluqaoxijt,0
380,qzbtanddcexhadumwjzjwwwpinxbay,1
381,hegwvzxlkklsnhgfxifnozhdphgdjx,0
382,tjyfhrehsmfyqlsugriqmxlmkxplvf,0
383,eltuaygsomxlcmtedufpvgluqekkrh,0
384,scususpectedwmzcenyrtadetermin,1
385,ednlhuzhtholvrgdjdvcyyijgzmnei,0
386,mukrlgnroigojtfvdvworldydnvdxv,1
387,qkvgqlukgkynnwqjtotsqayevmxtpz,0
388,hweapwmigkyshqzslbbaorufwyowbe,0
389,llaggioevlctatffkpkmrpasihknqb,0
390,mumymrsjyiprtwvwelrntcvaazvkno,0
391,wvmkgojosuspicionabpsimxgeuemw,1
392,cimffykxiddcacffurekzxrdskkuri,0
393,wqkkrxhboxxksywmawhudotjsbyuay,1
394,grynieyeorzcktdedqksgeputdzozv,1
395,fsalfjwrsxiharwaopjwtmjebcobch,0
396,airsxtxorfnaknlketazzxucedbyag,0
397,goqgtsupporterscezzpsvohdwmykf,1
398,opbvnwitgqcdjwcjjfdddlplnwksgh,0
399,adqxgefyhpbyqedqbpaxzsmzugpqix,0
400,przxliewdzahpxbrcaurpstdyppmxd,0
401,mftpbmhyidcipjibxazadwyjaborne,1
402,gpjgxjlqirpwrnretiringkkjavwof,1
403,qrhdzeswbxrouqmbmtpmnxuuhwvdjl,0
404,pacekyvorlqciocqazgypidalpyfjv,1
405,hbczxekivkxdvmsjdnjcqylwawtycv,0
406,etpgsjyamrsuexkaegzbhrlgdnxebh,1
407,snnxgrstfrhjddsigmnckyjarpbfsg,0
408,bphukeowlbkyjjzwwokxgreenesvzw,1
409,sgqnqmfhgyccybdfsfgnvjquaiybct,0
410,lchhnfeousszgtmdaadvancedhpprw,1
411,spqqluezqwzsowfmfgtnbxfqzthvsy,0
412,gettjjivxyaobviumahqdwxglkuaeh,0
413,csbiyipgqnguzovbproudlykovrddi,1
414,bgvwojlmptmzlmwlxehroxqqoprbrx,0
415,duovglccotttzpkselectedrjwipuk,1
416,eydqnikohkvcmnigpmgtjkfxgcevwz,0
417,aqmrklqioozbtlpgtjhhfmgepyjdcv,1
418,kcuulwxpexejcrbglxyqflmsvdglgn,0
419,okdmkbhmfghcmubevbwdebqurfvxgw,0
420,asvscygreenejbcpotiizboshelhyb,1
421,amlictxaebolvqeznqrwgqkzbzsfbt,0
422,idibvjjzkicdsfivawfeifwcfpbgow,0
423,krpkwowuawstoodyqigfkryoabmeti,1
424,cdrvafqhkehrzbshoulderpqbiqlzr,1
425,eadyahntxdhcdrvlnejxgbqttotazi,0
426,bknlihucrchkrqdixreceiveaewken,1
427,dpaibqdptwtpcbportionoewqwbegy,1
428,ferkuaknzapxvgdbbdyimvyfxbmewj,0
429,ihonlkeganwmyuhiddenubomexcmqr,1
430,qgktbwhmoltbfqunhwkpofnjdyxgaq,0
431,hbjcnbucmxfztqoelsmftreasuremj,1
432,irkdnmeeksophonisbazohuwkoiipq,1
433,ksglafvoucavaohkzbgeqkwdibzpom,0
434,cglgpdcucindifferentoayerycicp,1
435,guxakynyuhsstsitbwwihysaproxhp,0
436,zdaybvqthrewphvgnfudkoteajcivu,1
437,vnxhdrvwirzelxfgdparlwdfiimbiw,0
438,qjxajxjfsofattwvmqcazwalkedqlz,1
439,teqleqmbihavdmimtphbdhyfvnauyi,0
440,txqyncygqqitgdzygrnuroomeptyed,1
441,xhqewhyfyerdmtluzfadwdrqjwlnif,0
442,stesuygwtuttzuubsumvopsevimfuz,0
443,vfrklrahyjmgkuvljqzxthoughtful,0
444,lywiaidexvkmmeditatingfgatkgga,1
445,jzsgyzavjdomhaiozjuzboapkwquya,0
446,qjlcdxyynrpzngieshlpzojjmgbhix,0
447,cwordszvdovzdjfdqbzfhrmbsewato,1
448,finqcfqlqjtiinizmzbdgoczekzdxv,0
449,bzyxbolqjmgieyhwflltookjptgfyn,1
450,pganodbomjoiqwhwtuwdqnydtpbaho,0
451,jtffbltpfarewellmumtkugreenesb,1
452,bnpsjdenmlmofvjqdjiyaqwalkedsd,1
453,xlgenywbtzphwugnfdbulrdwthzpmr,0
454,jwgfteebdfpwtsprcskpqmsxzdwuev,0
455,mxosruzejwxcpxetfsfjsosprjtxaw,0
456,ochqseejvwnlqsyhivzsszdwkhagdj,1
457,gwrvwsttqhcdyoccurredbiwtfqsrc,1
458,wrqfkgcimrsbmimdrdapqobpxkivuy,1
459,dzagreeneitwzzrphjrigmwmmlhwgy,1
460,xinqbylsbcnvdefcmksfmdhawjdope,0
461,nedjsfmlycbevwqjyjugywqcjvkecy,0
462,lryxkxjmlwyflwvynwyrrwlahzlxji,0
463,mejemnboxpcuzfwvazgnedisplayed,1
464,ybewqojvhvibekqavpayipkyhmtoao,0
465,qeovukhdyawewdjiwcaviewxudjret,1
466,cicuxlljiebchyecyxxmjeqloeqndk,0
467,aiqwhcsgceiwqjxjibmidyvvnyjufq,0
468,tgujekdbgfptcnmjsdayqihfaample,1
469,pekyhkskwecaxfoldsxjawxuydxiqa,1
470,shtswpmbjsxrfngnkqdalsobipjabi,0
471,tnuqowgwejvcpqaaododdkauegxvto,0
472,yavokkcvhugengndjpyellowwszndt,1
473,gippxxjpzzogewoollenzwmxsnoznt,1
474,fmkaepvelidressingonnouviacewq,1
475,wgsazcptzqstpprdfuvprrxjrjbtfc,0
476,tundgysnlblqakfoohjpbvkfpdofdi,0
477,ohnxdicgcrirbsmhlprzavtevnfanc,0
478,yxlmdvabuurllwhnivxmwyqvuvzdme,0
479,ywnxssqejirwglzyrumjrorrywaira,0
480,nbqvqiphqqxzobllriyowswillingl,0
481,yfanivmjfnzwlqyjghfajqaerwpyhb,0
482,mfejumfwqqumzvfhllfvvkprhaveyg,1
483,hqkgcetvkwpnsphtwfbymqvbfjxaix,0
484,zjuxmzwoiscexhibitedbvbiydsuxq,1
485,kngrxnaavprcqwgrnzafbjcnbdqhcl,0
486,jzytfupizrllozxvcbsuuqalhmdtqh,0
487,prygqiifhidlarticlefgcyshgtldj,1
488,qygbtrqjnvjbucwfxltoiletimzjso,1
489,rdycoxavqstsnxnwxopenscvvkhada,1
490,qmoivilcbbdgxyevjgslmadffrvrut,0
491,vuslrdmdgxolpukwatvnpngduwxvzu,0
492,emwnfeltkvwksqehwkwxifemgtsxfv,1
493,jppcdbtzghufenbrfiskestxyyzltx,0
494,hgndwjmkuzfwecvrzbldecoagfhkgp,0
495,dhxluxexistencedjrhsrldlpngfas,1
496,jcwbofpmfjkjtpynlvhtughjxgasew,0
497,dnvslrfdaoqhvaemwcxnttijxkszlv,0
498,gfacwdupxxrpvspeedilygckuccfyy,1
499,xerxoxxwzfdbobjkyjyptywvruqaez,0
500,jmergedmwivzxhjipagsfcltuhopve,1
501,lszlszgomccwpmfffagflmrwsgmwng,0
502,nbrrojvisdnshwhflwwxljejfphaxn,0
503,presenceutnmotciqzpegndrbgkbgs,1
504,tzdygwjqwuegloriesrxhfzwigptzo,1
505,wfxcskeacyjzfyepbcdkngfkiirvfo,0
506,llowffvivuxxiiipczidufredhadyy,1
507,kifzukaajmeymusakmtrvtumapcgtc,0
508,hqiiiatltlhckthkoasupbknkfccdq,0
509,lawqfjadapogbdiijurdgnqnlvxtfn,0
510,koccczmgbeenjofnrvzbsccjjhsosf,1
511,frxpfcosloghwovptpqjpaddinglqc,1
512,pswopjkrulcpnzclxpzrsfwcqifvrj,0
513,shvmwcnzqnjktcgabuddzhtmzdhjhe,0
514,hcdnegfktqvxqgqleevxjerqpegvcv,0
515,sxwatopiofbboxqewopdtadeidnfkh,1
516,puazgvsmlyyyhvailayoswryqvfktf,1
517,cjbhopbcawuybhovpuuwngdgswdxxu,0
518,vcldmacdukkprqcnnraxlongukzolf,1
519,nubctnuitsnlihmpapierhyjxmopxy,1
520,teepielcntvlxdjretdzxycqifleqn,0
521,urzqegoeguggyesvfvhcobgoabtpbj,0
522,azbugltqulofuqgexjknpquzrubwhm,0
523,achlxuusugsslmjqdmgybjqsqwodmd,0
524,zwautzmledamfadybxkugfkvdykwxz,0
525,ajpgeaxsdihsmzpqcacasetkqtrwgk,1
526,nprktkydeidvwwvvnoioucbulbxkxt,0
527,reasuresxwysdwzzfahuaicnqqowsv,1
528,sepwasofwaoazotkkmzdopzgyqkxgx,0
529,rlwzfvahcwaheocuqmihuqhfndbzsu,0
530,zhkboqxnlzxrbvhmraebypdjlfxsaf,0
531,efkeurfavdtkwwnyxlxnopeningaik,1
532,yuyzaebtppfjtqccwivcpucfisosme,0
533,ddwerkibepqipgllygtsozskzedhhe,0
534,pkqscaqtipdnbwlidsmreuvzzsevjs,1
535,npjkumnbmzvnawkqmqpcbllookingn,1
536,ozpscfvhyckklbyzfuozcbyrsxxlxm,0
537,jvrjodvkqqixxmajvkgyqjmxokqjlo,0
538,quwjnoptawdryxsejeczvoumxnfdbb,1
539,zbhsswirendqlkjwfunoztqcutyblv,0
540,ffexipearlsatmcydvqoczescarbun,1
541,clesbxvfqosfqcmerltpabxluiujju,0
542,ogmmykyqbozyqzgrhjguawiwpjozmr,1
543,niqphfrhwjndomqzfuuxdchasdxeey,0
544,obvasjyupnejqtpuyjsrtagreenemw,1
545,vnsjgtimemiobksghdlqmmhbnqroeg,1
546,tplffmzmoqftgrtaknowingauygpes,1
547,nvdlzgqgofnpftvpbipvsixpjucepq,0
548,xwbhqkmpxnyqfsipassagevvdbbdmj,1
549,mrfribnqsdsjyrmloavupqfnurftvi,0
550,gvehqgannbhchandbkevcjmnskavrb,1
551,ohggrhadvjquehqbxngqubpmtpmbvl,1
552,eybsqedkreudyczvndodivedlqthkd,1
553,malmwzilenrkpbwiknyuguzoczsrbh,0
554,vpiyajdodtzxdzbaudstvzxhhxpntb,0
555,jabgmdexixxyqpgruymiutbmbottom,1
556,upwnfswhzrvibnedbnrhkhnfmczbsf,0
557,nucznnjdziybkhboxbnhzifvxazkqb,1
558,wmkgikanjfgdjvemgculvddxlmwzut,0
559,kjhvglsguogehnvijatgzypppgltvs,0
560,pdspssaqhwnhxlrngseizedieunbvr,1
561,qobsieqbnedofasmvnlirpnaqlsmls,0
562,rhtddcypoatcziezmslerliyopusxp,0
563,ztciqmlygyholdalpdmcvrludxoubd,1
564,zebdjvjqgqtugmkavsrjpbmvzrfbwz,0
565,ixepwgvlubilwgxnbmosmallaalwjq,1
566,asgauhudhigkrkeveemkhsarfwgbqu,0
567,canvasriocqndgpxmroxukpmolcvzq,1
568,kvtxanppbtejwbdksskspkauaspkmc,0
569,kbxqluscrtdedvrqthupsnipldurhu,0
570,aebagxbifalztchlicwdulqlhrwcax,1
571,xvxuyqdraggingmmsmizanspexmdib,1
572,ohyfknotyggrixndmwgcfgrvnbhtkr,1
573,mfsrbielyvytjvxjyolxpqzpihdqds,0
574,bjnqhtztlsgyemelpuguihasckmmvc,1
575,tdtlikehppnwarejrkwelhjktfqlxh,0
576,bsvknjbyunmghcbqkatvzzktgwnvaa,0
577,tzvhzfbbeenvxjndnuhlalvwywoxsr,1
578,nohifnsmhafsqvgyihtikedhtejpgc,0
579,kvnwvlrdkhybyttdznuzaqtlvmvxng,0
580,llfcbpmhxuhuntiedcarcinmvutdyu,1
581,tjmdvhbsdvjyfrqxqcdvvgvandwzuw,0
582,eflduibjenadjjfvxwdhtpifxvsatq,1
583,smjhhxmndveaezlbsyyyaprkcvnwoa,0
584,kskbnjcewfgimtlzndnjxagkvbvngr,0
585,kzsophonisbaoesaimmlremploying,1
586,lkvaphorawouckvbzvassistbtuxyi,1
587,fnttwfugxftujiyvffyxloejgjsqog,0
588,fevktioakmauokyrkvtdxcipciyqxo,0
589,cyhhscrccwpaddlicibkuvsrxnyyoz,0
590,zjholdingckngpvutcxhlujocgzyhf,1
591,bchkzpjmauzwqhmgmtofakfphttgie,0
592,zhjeqqqmzyipkgbeganelzxxeehgyh,1
593,rrudfdmkwvqssseuilotpaudutdfru,0
594,ozymuvflfutkccncxmerccountlixr,1
595,ugrrtijffladzizdjxdrollsijpjam,1
596,oxqhmzealrryodoxwhlslgujxojawz,0
597,hdevxgyjzgpwipedflhzxotecpiagb,1
598,ytwendyfwubdosovetnsqgpuqbqasv,0
599,gnsnqcyrhixsrczslhfxgjrssoddly,0
600,nsbxgneupqrllvdthrdxxuperspira,0
601,tionhaachjnsnpzowgvvjapbykisdp,0
602,bcvvsxihnvavykevnkpgbbltqtheps,0
603,twcfdoabrowtrthyfgdsgexqbajuyy,1
604,duajhrlevnsfjyovwefofwbobywtko,0
605,hjeunwzwnsdagasgaaivbsthadjpnx,1
606,ocwjsqjgsucpekggexanssvmxoswjw,0
607,mlxknmcpdtdzjuemgfvesdpbhcvcsw,0
608,ypvdoqkscovgudowqjoxddurinipma,0
609,deniqikrhcoecigigtinfdjoqsohny,0
610,ofaijxhwyuivlioonyjyjzfdicuqfh,0
611,jxuckzvmindemannergutterjuoqff,1
612,qfojfunvnbdcmcbkfwyzeqljvwsukh,0
613,zotcwiqkvxtxffkwcmsnqeyyxzhfgo,0
614,okiubcsdmumoonppqhpmjpylfbfawo,0
615,rdsxlwhhdgmelocajfijhdauqzfwfj,0
616,nknerykidhhhhipmapjsinxpraldve,0
617,qyunaqiiazehrhlxfxddzafbnqywdn,0
618,xlybrvcmaintainyqewefcmlhivbwj,1
619,qyizhifzjhrndignitybknsiufeuea,1
620,opruavtiifnieoypvtfcdeicharact,0
621,ergjaezbwrhwhjwdknvjnqzrsoqpiv,0
622,fvfgcugvpflkvpkomobjwrmfgmbpuq,0
623,crddepwvtiimstandingfrbfgbcqcq,1
624,apewzxnletemspljgtvxovyetvekjc,0
625,hzzmrjnuhidnsorejiruwgvifmyacu,1
626,kkrkngldswauykkwdxthyirtnmpqay,0
627,eyoksdgreenervrdcotsjzfkwqvmmu,1
628,betxrewmsngmmizlhpejverrywxwxm,0
629,zarmsoqxoidifoldedpzfcllwyktgd,1
630,lxwsxdbkjbaofysaswswxafccxjxbq,0
631,mvketpgyndfzsguuejpllbreastxxx,1
632,mwaradwlmakgfvfbnzwtiabkjrvfov,0
633,nuktbrgoideouksjuaanvbzbgvuhxp,0
634,bstvwdxpieuobqnvaubayoihadixpo,1
635,luuzvvssfoduwijoioaeopnesmbozo,0
636,yamzcshjxtxvmuzwnyapfesoazbavf,0
637,hcxellsyvipqshmqjcjojfacerkywb,1
638,wfpvociqfrownbtzbxqbspcqtenlza,1
639,gqxfrbbcvvycipqxegbhmjaviqwrod,0
640,ispleasurevjdzhhtzubrnwruulucq,0
641,gaassumeuncimocxrmiyztpjammnjd,1
642,dxzrazftgobqiktkyqejdgeqoqgfif,0
643,rqsnwbplylinlccnjryyyvoccasion,0
644,skjfhtejdknrmhmziktqdhvfcdbupi,0
645,useoshesyvwcrilsvvxnkpjyleqmju,0
646,knpwdjuvnccixpcezbtasxypqccvbh,0
647,adjkrsmdeterminedeugnjusuhdbfn,1
648,icomwidccqtytrkufcxpqxbwordsms,1
649,fwjjfsicgatmuaayhegwixwrkokzwy,0
650,avgchjjptxlplidjmpyepdcowikwvp,0
651,prxsoictleaveguvdxifbgifjvwoby,1
652,anyysffdscwordsecczdmwyzskhyeu,1
653,rmmznteugreenecpqfyarzmrxrgyjj,1
654,hvdutzmufnzrqpgtppljvgkarkcvgd,0
655,skmxbavuxbdsndearjrgobyomhmpgg,1
656,ifcwkvasjzmladykjacasraqtqcmgk,1
657,gtilgdcmcejjjsrcrhalnxoaltpbln,0
658,ztsyuxqsbvzkzohhiwevqenwwztadd,0
659,rzvneuhhuqmpvpvaxdlqifpayevvik,1
660,cuizgcwjzwpdqsbhwudmyoqgpkhkzu,0
661,hjkqwlfqkkdadteetawsutfgentlem,0
662,anbiegvyewtqjhxgvvgszuwdmrtenb,1
663,zpnapoleonsvsmteseveczpufnstkq,1
664,cgnnoqjornwojbymhvalqumrdgsrev,1
665,nebgehysnzrynfqduhqmcairkobtnb,0
666,woefjgreenefithhuvcqsmjrftmkeu,1
667,wgvundidzurgcycthsjrollsrryckk,1
668,exfouizxhnztpsprihupfsotyhuqkj,0
669,dgmiztcnwdcjtdzgyfcsxutiozzxyn,0
670,ifgeselecfgvcljdnblyawribedbax,0
671,prextractedzhmzwhtxkhfshzeaedu,1
672,ltsxqphyxasovereignsbbicuhayme,1
673,icchdvllnzxccvzxscikfbljweiuwv,0
674,ydxoognibelieveegiffzaobvdnthb,1
675,hxchabrmziqapztigwjlmtbotdvoat,0
676,cxfwdrpdnxgvipepdaentvijnkrjvc,0
677,uojeekvrsaznptwfgmjuymakejyoft,1
678,mniefbprdcgpzjqryloftflbbvewxp,0
679,iousbtpdrqbyapryzoablndiackooh,0
680,ncugwsnzzsirlokyjsskdfipcjcsyq,1
681,hqcxqclkzvpdvfweuxsrnmbykgtkwg,0
682,ipgplkmjbgxqynspsepvatfrvbmgna,0
683,ptyhandinglesbbvfpoxewswfvzqqo,1
684,dextefendwqawkmfgwnmgolzpgbjbg,0
685,dkchcizwmnbtpcgsxwdrkjdskgnahv,0
686,motookbmrjsfpjkapthhwfjamruevu,1
687,nbfvxlprygoldjlwxwgcbosbrtqvat,1
688,kasddfzgiidhhsiqewedcgxslipped,1
689,slvzqmnijjmedebksmhcglkbxsckha,0
690,xzpqjgkrqswnfdtcesbwxpernkujop,0
691,ccjsqpadhleugjoqyxuqwasindiffe,0
692,rentkgbnskegpflrxsbuorbgfnsmph,0
693,fcekyeguxwxrziaqmwkczuvagcnpux,0
694,eexoilxrduairwcozgxpvlzspmtixp,1
695,bvjzupjszubsmgxbegmjztnwqluinp,0
696,lnlmmaltorsubxtgrglbwksujgfkrp,0
697,xrgdfwaistcoatfrnvfqpocketmtqs,1
698,ogcykpcthwduvbupmzrefoldedbsrz,1
699,prgajavarmsqtkwieynktrqmyfrvir,1
700,wlbreastyxpwpapazxdemkijqjjdai,1
701,mkujfpybdhqbcpscnmsfjbhkkaknzv,0
702,xpfqzhekfvteltbfwcqojffpmkqxxw,0
703,hkrfrsseosbfwqpliwsqjmmisophon,0
704,isbagvytljtdqaonaudiblerhtvuir,1
705,tpihyxstzjcmrrewizfbhnphvkjbpi,0
706,wlwhisperqajqhoohzvvkmqmmfjdmr,1
707,qrbjiwkbvjbkcfjtvwxcdsdosqzivg,0
708,egmdmcdjafboezdlyohxjbgxvlryro,0
709,binsonwfgudvudcycohwxedjyjkqeh,0
710,wpykuolvjwxcjbpqsjmaauhehzwlud,0
711,eshfkfhcomoxflbomnzdfbcbelieve,1
712,cawmpykmsdtszqnpawnbdtmllclykp,0
713,slnswesyuxnshrxahuwzhdazordzfa,0
714,qyshbqhorghrdtkswrsggomilantcm,1
715,gpwogrsnvbzbdcavxykeorgstzxqzu,0
716,mepfwykwleedtupuecxumelzgkorok,0
717,rngnnmnwwnoufywjlphivvxsodqjjc,0
718,tlbimentionedxbewqrownbbpwfhel,1
719,pktqukcobgngnjrgikrucvgbotopks,0
720,jmjnntmeansrnhwziadvrpqphqkdge,1
721,awodrjxjeujcjnvpxigtcvoijaxqha,0
722,ieqngefndawgdnaxvwprkiquoguelt,0
723,qsflltmumlpvvkyztpayndtrmvipls,1
724,xnqueqptwbrgwnzxtupexpensessyc,1
725,gcmaeedyalrarrpmcszztzyblrsnnv,0
726,tkvyawynvuihjwuwlionikullcgzpx,0
727,tefhdvcgofctfbwmrstlrgbhhkxyzh,1
728,pmihzkfukfofaqsaeoaownakrzlmap,0
729,rhcsiyoqcyotsmtszaibptdmgwfgre,0
730,eneimootgeoihgmivgnroyokunsxvm,0
731,jhcrqmzlciogfrrhtahqigvlgfapgx,0
732,tptjluevobykhcwskynejwnbsvopej,0
733,bjowrqioweqkrqydfhgwworldsrxnp,1
734,xzftfsfweqgzlzedgztyysocihmpai,0
735,dlwbdbzdxvkbwduykabbjlsophonis,0
736,basxtqhgwxufgbsvzzefmrnlkqyegr,1
737,eeneakrxquycqtnrcsqzbextracted,1
738,gaoyuresevzloucbnqepbwibyyjfww,0
739,glipecfnrysfisazxvyvwstsxmtzfz,0
740,fomlpfnfxjjbglsovereignsbplpqo,1
741,penfrbulcafsokfacbkszqjenazmqs,0
742,uywdbfiehimrwkgqjwcudpcrwohxgs,0
743,niycohtenderedurlmoemgermbywpm,1
744,smqikpggzxifacewdnspoledoleyyl,1
745,jnmsfksorgpyhbmaubcoftaassembl,0
746,ediixbvnvnxagkgoatynzwlqchucda,0
747,tclakdhmlwyewwsmoojtcfxzuxystv,0
748,mdjyzvgcshugoqmultitudewbudfis,1
749,autnesghkzuttqlbqbgoqerbzqyehw,0
750,tibdyyctnhfwavpvhbmqcxzfrpsmrf,1
751,jmcxgreeneqydiicjzdpxllkzrqisd,1
752,gbwjaawvwdjcsbfoeintendedqiktz,1
753,umaupcfwvegankservicecmilanxzn,1
754,oycmdgstppvcwvjwgboxifjkwelcom,0
755,eknrfznhfkbwzowrhhcempfqrikanq,0
756,zdvudpssddwqbenefitzwjqzfgxirc,1
757,efkmtnawjuimzhzaedlidztbjjbtjl,0
758,galwrtmkaohltkhtcixklalenpdept,0
759,ufckrkbzsintentionsizqalyxbsaq,1
760,ksbaquyggmeqjncoektyicfwkltitk,0
761,oyzdzujvhjikxyrckiowuobbwwlxsd,0
762,hnrxvahuefvixrezhwibuoexpenseq,1
763,zcypdmwifvbxyfrwolckiwobidowlj,0
764,cahflyoqpukwoqenjourneyogvpjst,1
765,awxhjxfnlpavnxyqecfogwuditpblv,0
766,guniuzuslmvcelgdonamktqhqkbkaw,0
767,tueecnabxailcrnhzqxjugxhoamoun,0
768,thtmnrhsyoxctjggtiafuhccnbcjho,0
769,dwtvauikfqrdpbkdvvpfvfdlrplzhh,0
770,xcmbqyazdadckmpjtasjzntfpzexpm,0
771,affairszcgoqkvlokvogezmxnsqfjd,1
772,senlrppdremainedbngroutkkznzib,1
773,standingxttqamofkuplyjskbbzmcu,1
774,ofzzeqnyhlfgsviykiurhlttylglpy,0
775,erruziqnwihqdpgfvmkqeoxtqslfuf,0
776,pxgipclosedpsgrzebmqnnvptogadj,1
777,jzwqmjitffbezvxzuqkoykcieljkpd,0
778,waepxjkywjdmeklepzgrqczxmstfgr,0
779,fllppkfrwcsxjyklpmgarmssphsbzt,1
780,pynqmlhagpjupfmyfqbkjecxbdjacg,0
781,puhjwpbmytncurinraykcguobligat,0
782,ionphvypallhbjvwcauxmrslgoimji,1
783,jygreeneagzrszjdibkahqtktrxbhu,1
784,dppolxhluznyrobmtrmuauxnkmuins,0
785,istydworjphidhvrqopsdtakingkba,1
786,pcuwngxvmzzltvufxxrsyycoezlmon,0
787,eyghfjojbiagxhdztlacedrcszxbgy,0
788,pfzgservanteprsbziuvujnzmhwxce,1
789,kosppmcuvjqzfqcchhqdputbxlkoyk,1
790,xplbtmpdezislpudltkwocodressin,0
791,gjtpgugcptinpdmokoprcoqiyzvizy,0
792,olnlsrffiyihklugscphvxfvocjujd,0
793,msxkcqyblhkqavyuktgeqisxqdpwqp,0
794,rhphldmeztablefsgnadfznhcrymil,1
795,cfvmissophonisbaccwzrzudvgmtam,1
796,pikrjuhxebsmymquyalhandedmiqrl,1
797,jwqourascvmshhxqgbuuhnvsoverei,0
798,gnvljwenqiwbpajvyglwhaqqnhqiml,0
799,nkmjtmsnmiipyjxzksundcpeklscim,0
800,eejivgznhyzfznqtabxvbootsaqdes,1
801,igwjbshaveqvllvrjhayfxtubqjxtx,0
802,fzcihvdancunnocmisukeqrnmfqzua,0
803,ndydgivingswxdjsxmuycalcvonawy,1
804,puwbenwzoxydhxuagrainstruction,0
805,seqkeepqgijzhkrnqcwqycasewzxhh,1
806,fsocrugbpgepvjufjlfusvdiaanton,0
807,ioxgyfamfekeuynyrastrobxqgrlcx,0
808,ltszjtqxvtxtwiasqbcogmangzycpi,1
809,hagltesvwyfujmzpirjtqpzajosusa,0
810,janycvghstichuckedklawcpiixkfz,1
811,pppdylncygnlmesixgobpimsfygzpa,0
812,mhhcxshhxdmxrqmkuhgyyuxzfxzwgc,0
813,ceilingggjlxabmqthumbycaughthn,1
814,tzdqsvepzlpygjcjafellusatisfie,1
815,dqieidunaupiriltkculfyipfpakvr,0
816,vcashiairuajjfardatyipxzyunpyj,1
817,pbjypdyvmdeaanjybfdsaefhesoxrk,0
818,zqsvjrqivaeldroppedqpdwqfigjdc,1
819,yzqcrecessesrczpcswiliscvhrcnq,1
820,mqfdcaelpbaklxxcegdalwgdcebagi,0
821,mzdiblsgybddgiilhbqpijaabsmaxb,0
822,pocketnhetjxhemxjpbwrigairamps,1
823,ulrdwbwfylrajrvzizzialioazcgre,0
824,eneszsylljprmbtnlgyjetzwphsati,0
825,sfiedgcsijgddbclykehqslloavqyz,0
826,iaqgxdknvnomkmxdkzfenvifelttsd,1
827,aawnuoqfnffzqwsiegowhmsadvkyhh,0
828,adtjmhqjfdtsabwhpjsjvkfzsxabrw,0
829,maunkklstzzzypaidaynqdwnzfgxgm,1
830,swwwiajaxyogvxhfiyfullowlmjmkj,1
831,vdijxkbservicesguzhimyfjrfxlfb,1
832,dbecczmuiuiamanyfcxkwzsxypxlif,0
833,cksjukeklhyoltkbeggxoreqaqmnso,0
834,cqjiyypammbxqiwbqtifobsequious,1
835,qhyvlknrnejhqpdqdkpnoylzcvhxvs,0
836,ulgxeiwiiwdsjsxozlwmdalbprbtpu,0
837,utgqplrrfcwwmzmujlbowsbmgrbgvt,1
838,xeguohmmxbjtpqtywyybxuqfdvdpui,0
839,wmagwvidrafjkpzokttbieyjnpzgqf,0
840,dyipqfbkhgzqnpwlwnpassurancesj,1
841,wllkvvylnpjzzjmkcddvzffzbaupyj,0
842,tijtiiwioeyqeqxajdsdakqmqdeepq,1
843,zwupwsooapzsrjtwypigieznbjeutf,0
844,mdwomjczpdfmyrespectztzpccywrw,1
845,khppxenpdiqcqsbhlakyuxtmodilnd,0
846,tanzvdsqnntsiimbkttbubgnnezyfq,0
847,kzjvwmalvpbfxhrivlandlordaobyz,1
848,xlmifccpkqfamilyfmgoxaljmsdqni,1
849,gfxomnmrrxafxqsltilzdgoyjwithd,0
850,rewxjedvytndzxzcrtloncgfjombuc,0
851,dfredubmgxqrxkudpdifyflcvarxzi,0
852,zjxnupjtqlfroomqnswaacyuqodeuj,1
853,hhsqomfadkangltcrwmxldotupgoqa,0
854,txszxxywncygqsxplqdkuhwudrjfow,0
855,ohhvluzvjjrlzmrsgskkgreenerapn,1
856,wjwrmrszqfzuxktheywwovgreenepp,1
857,qhmkoeqbiyzozauupfcmhyxjgkhzwm,0
858,jrmxswsleijurmkipsdogbueappywp,0
859,pchdxfoqvirkuozwgbsnspprkgaffa,0
860,bilityoqzujwtrnmdfapbqgbgthjch,0
861,sqhwdvcaixjazhadrzrahhzefbkqtt,1
862,egriomepsjineqzhtvresesaitrbqt,0
863,addyfvdiyrnlgxztvhvberpqqtshow,0
864,nksjjjewelsqmydwhkfufqpebospyg,1
865,tetkgrjongvimhvozsfioahhlvxxct,0
866,qasmowwdfzzgirlsrjaniwferfcydf,1
867,xhwzallowedbvbwbjueavaewhpkzex,1
868,pressgogjunugbervywinwsbhynadm,0
869,irationuojfaofdoyovuznscqbwcsp,0
870,umwdgfqprettyisptygxljcsqpxjoj,1
871,ivzscyrrrxwaffjjonqjoqwzvwnkpo,0
872,ipjwpauytbscczbyjjfndaitaliany,1
873,xbyfbvlgefqsuperlativesqcjdmdl,1
874,jbfxlrtzofeeznwantedigncimccpg,1
875,gxwojjygkgixdbgfnqxkzesyalnhji,0
876,ekbyionightchappyxgsqnahdaqsnb,1
877,ylbfdqnfrnrghgbjbellaggioikgkk,1
878,etjgcytcywmoybwnfnzudjupdggkno,0
879,uqdgofkbcgtstnjyhnbgqastaymtuh,1
880,eegbuycpntnukmixxjvkmwvedfkisy,0
881,afxzpzcussjcoglioavmpwuzogqfsh,0
882,foffafzliubytgezdnweekhwhsukdm,1
883,tdnmmakedykqihvpkucrxdmzyuejws,1
884,vxhappyxwkhoikelsahfdedzctulwv,1
885,heqmcxqibwcmfiqcygtxdrcxhigumf,0
886,slunderstoodtrcuxazcozephlvrjj,1
887,wprdppyzcmnavtpnxadobhvomjutbh,0
888,bjslgpkgotvwgyugyvsjpywyzivnfq,0
889,qmtgegngvuwordprblcplqryxmlisi,1
890,lwszsvjjpgsqqsdzknkxxmixfvbbll,0
891,xncjaptbcunderstoodyfaznvuwfhp,1
892,qdpmovrrdestpbrmigvsexoqrlzxpr,0
893,mfbzdtgeuqpgthingsojbgqezixslo,1
894,sjdpdghlfturxtrcyovwpbqodwarix,0
895,gvygffnudxwivsruzybgzbrxtstzpi,0
896,kidsfzgjorosehjvzkedccolouredp,1
897,dqjdnpkfmvuegxygwfwhnqfnibmwbf,0
898,bwmndqizuunzfpalzyaiwaghpscrap,0
899,ingsjfvvpqbowsdvvyabsmleotggkk,1
900,abrhlqqdksyzmnmerracptbxhguyjx,0
901,apaossmddgnhpgrinningnwiigbryw,1
902,ogvehzdvvphewkongxmmlokntdbrif,0
903,jesnpeirdgefbumuehjxxtxojopgjn,0
904,glnxnjluhggsmilesdkblmxgfgqshb,1
905,stqygsmrmagdebjumhdpzopdzvjpfi,0
906,ozsznmlsatdtsgbhhcrrlzrrqgagyn,0
907,rkylwfwigifmflandlordnwjyeexub,1
908,rsveaiuzuvkesileuarqrhfgfvphws,0
909,yeljjcyemllqrmyrmidonsnenggwon,1
910,ahtdgwzwmryktwjrtyaircwtvdvvph,0
911,ctotttgeufochxxwmktjaysdzpakoc,0
912,llipsgsifmunulsimzzrzihmqeugwi,0
913,thdrewtpldrrjpwpdzvcgghsusiudu,0
914,vtsumnudtwzpysatyycdqdwiyonxbf,0
915,jtxlorfirvafdlhevcpoytcbauqkqk,0
916,fvutkymoalxxwsubmrlzoxmcialpyp,1
917,xwgoabdwieytoxnbjtjevctrszsmug,0
918,zmyqauboxixrpylvfwcgcfigreenem,1
919,xjgijfqixagrejrdxlcountingjnqb,1
920,bwemoneybilafwjogegumkcmbwzsmk,1
921,tsxqkcwszfplfwrepacsovereignab,1
922,cpmlsovereignhvpmtdkrxstanding,1
923,dlevuvitionmwobwfnagdvsxkrwzkn,0
924,afouspbzyckoyyqmphvrnwkzrljcyo,0
925,wkdrcjdouqtdlcbhjffoldedlfarms,1
926,shiizuecsofsnrkvaxjvqpsesqnkff,0
927,boixfxjowqvfteyjyjclbwnrywtumb,0
928,ocapykiivxjnrcjswwsxfjhjbosomd,1
929,wyqcosuhwdukadfbgposhniabeliev,0
930,ehahurircnjicpwoirjorxgiyvzara,0
931,pgtukgornzqenitrcypvtssxjvbopr,1
932,deqbgoodfibmeoulawfnshglvlrufv,1
933,hnightusuptiaxixoplbhnleivxuay,1
934,ingxceagmfdcwkprnjkwcqnhbhyxjb,0
935,unuupqihgcdplltrqvzjyhrfefwigo,0
936,utmrscukrfzreptxhvnpkuwuswsfkl,1
937,zslmquqyuwbklhemcvuqxcerihnpgn,0
938,xpslvkanhfelbipvfustmspauibbul,0
939,rfwvvkyhkykfuhrgreenesbaaccjjg,1
940,lqbmdzluinljurowrhsgmskttmigcd,0
941,qwmwldpaemsjncgbuqdxvvvwqfqxfk,0
942,asttexxpyqtfadieufvbbbwilgcfup,1
943,lhmolruulxqzypamtvjsophonisbad,1
944,dmljlowadunhaveapyzdxyjteezhor,1
945,xkndwxupleasurefjaemqzuxrdwish,1
946,ingdevjcepuianrfyaczmtyzktrpju,0
947,wzaafwhmjjvpabssqeucowgdtaxdgo,0
948,odjvqnxxtwqjygnniedphtweeiahfn,0
949,xgxjqrptffribbkhzgwtutastgmlqm,0
950,icrsderlxzrbqzhzbyeonnbfzsytey,1
951,kptvyapgwdgpmvgeelewnmrgqufnug,1
952,lbflntawlwwxoevsndnnvvxyfdhuuf,0
953,nkkslgreenekibsuiwixdaoqveihfb,1
954,peqcgoaackduiwsqgnikpyefcnlevm,0
955,whrdgkttmqfuyvebwalkedbjljvexg,1
956,edqfujdwhlhatecjgnpgbwfadzajok,0
957,epoztroomvfsaepnjbczamtjnurhwl,1
958,dvqskncgoaszqagcsqhgqeezbcfrlf,0
959,ayusjtpnauhmgxbxriciqmytqmdktl,0
960,gxirnutqhddshavehgsxfwittjxhrp,1
961,tzcqygdqvidservicewjzdembscjcc,1
962,qntgggpuvirgzetkkjpngtcbdjnjlg,0
963,wzbksgpquvnjgprhzkzlzwdbotuilr,0
964,suqycbhvujbaexamygjwcapablerod,1
965,uuwmfwudhkqtjgznylqdgqmiqwspin,0
966,bbmvhzbwbvhaasqiisoqfwltvyeesb,0
967,bqewjuexlhwwasthbspjmthinkingl,1
968,fwjzwjsijpibrzuzeweublpyzmcdqv,0
969,qsfkfkmhkenepqpqythiefsizujext,1
970,rgvnvjlwslzremoverkrviegstkzlw,1
971,kajbqauqwzkqqimpressionkrhxajl,1
972,uzjdarawbfobbnreuuwletyxghqtey,0
973,luqfcutieqpwmunoxszaohqnprhqao,0
974,ugjvylcdoafqolfxtgqkkgnthought,1
975,uxljcdnxufxvwwgdkgxiyyxzjptzuy,0
976,eznrefiosuitablegfsmctyjreolkx,1
977,klwiyfxmdcnvywaraxbghfxqmyscqm,0
978,kcuhvejphzfhvgirmfvhqdxraccpyi,0
979,leaogkrczmrydefendxinxltfjkldo,1
980,vaffsmriwumnbbrsykntodbevwhvij,0
981,wdnevbkoimputationtggkptlvpwwg,1
982,reenesqklsqhapjgdbzzplbycklchu,0
983,glswnizsxbgadfbpzemtnoixihvytd,0
984,tctuvemsuoywgnjcbexaoanfunfxlu,0
985,rvwtaxdvxtquwalkedahnfuovrygnh,1
986,nrzmzslowlyigyeibzroomlqvgrajd,1
987,sejwocncbraxgdtfamilyhacaqfcef,1
988,jkakwdncfshdaylvpamoufmspcegfn,1
989,ppxcabzpqoylzmbxjbavfdojmfisnr,0
990,wruewtiuepbttzlstooduweimkpxku,1
991,demcymdwqpucijlfmonldayzlbeach,1
992,fsnfknkwcjadjqtynzovqcmnorxaxo,0
993,drhbkdqpyfiefpgvfecdmorningrax,1
994,pfdbxmdqaqtvzpyeukzdguyeudqzig,0
995,eiubatkzjiportmanteaulqnvwetdz,1
996,jwvydiyxumyizcpqxkalwmqmagusdc,0
997,exgzorypwmmufxtceyuhwvllozbhxd,0
998,pqvdvhandedaxagpoxbdufzcaslmsu,1
999,vtzmyaarverrgvboatoqjgzmshdmsk,1
1000,ocileagfzgldpjdnygkawhyecbjsrp,0
1001,fmvejdvojredvzbmyjjgavedndpsdl,1
1002,acwpqwiptynrdebaimasvexwxefbdy,0
1003,tywfxzojdfbootszkknqffjonnrzij,1
1004,ubxhfuavgbmslvldrpktylkvzaygky,0
1005,fuyscwjetznkwebvuqxwhmkjgkbclo,0
1006,qkjdmjlycjkrjugchfqrzwanzigers,1
1007,oeeihzvjcmklabixcsfbgoopmdeter,0
1008,minedmjwxionuwwsrzqvqzscnitboo,0
1009,mshowltknwibtuaegwcsohfrimiuwz,1
1010,udihzpmwtgmvpymxhaqkltzcpcysxo,0
1011,putylmbfaweylycfjwcpecondescen,0
1012,dehclikhiujqrgvjofkycdclqrlecr,0
1013,jpuhddpegokvrihgwlrqvpshgmlvfe,0
1014,elqkzvmpcausdoxgnnmxhrqcezatye,0
1015,ocdyxnmkeryvoaazxufvnsgxaurrwf,0
1016,ccdnrfufdjuhigvspadqangerrpbxi,1
1017,ryjtmtgbogvfwkkyseairphoxufqbf,0
1018,dtookghaqlehnfzazwmyulodmbscyt,1
1019,vlzfkqqtbnufjaumnjoghzmiuncmxm,0
1020,oneyudqrxkztknfpjhfpybaowwlook,0
1021,eduqsxwdhccuwmqooedecchbddqckq,0
1022,yukssghkcoqtkxfmphtnldcflgiiie,0
1023,jcfydfitngfaceevhyarqiygkorkcj,1
1024,hgozxisbmqqtfbdojrmmkirmjehyiq,0
1025,dqvrgqfxjrmnvjyanaxjysvmwdqdjs,0
1026,fqkwhisperedizlsfrttjasqicyxsj,1
1027,bhkkbaobadmiwoyjizoyugzfgivedh,1
1028,iowgjkprdmfsiderozirndvpsbcxvy,0
1029,oyovjwordzodaakoyeyuvfqqufgmcp,1
1030,lcbgmmtuqzbvzejopudsdfaogbnlkf,0
1031,zmktesxutzgdvmjvltaehjionjtnot,0
1032,iceawswcsdxhqkpibpwvixuiowcemc,0
1033,vqqpepuolmibfbcuzphcalqcpupgri,0
1034,aevvadjeggdmzjaomwkcoayngmyxko,0
1035,yzxnhsxobfgtwinkedkprrmlhfhxxn,1
1036,rdhjgswhfxfiniikrkluhezukwiedo,0
1037,wvjuhboixhjffzbgogcyqtyscuzabg,0
1038,sikaqceyezzhjnvmzfqxpdsukvrubc,1
1039,rpaacevnjceuuncqbofzwapkerpnmw,0
1040,hqkdoaccjquwxmlmpbxancevidentl,0
1041,yovozpxmuuehzzwturklrhfrefiwbg,0
1042,wvkvstndfxleuujyoqxoluehshyvzl,0
1043,bomscwwtspavmngfkudorixathiefi,1
1044,oiknuhccvxdlafdxzdxzbkbqpmuato,0
1045,okyxbpzlmatterifezxywkdklrwxvw,1
1046,xnpbbbqujshfpdoxbngidazyzxysaz,0
1047,qatstfjbwecxfwglwmsiolnnjwachu,0
1048,wnovikjhoklhbvxxfnmilanaftutqa,1
1049,ymlicccityowpsaavhmjrjsoofoijh,1
1050,milpeixibmwbwgbkvsdajsoogqarxd,0
1051,ycmphadildihxqiqplrwuzauhmvsxl,1
1052,saygrpdlfnjhqzzswtnzheartkqyhx,1
1053,rdtgrgpxvnzakrlookdndivbfojjcp,1
1054,mkxydwigggsxmgvwqcalmownooqypr,0
1055,axhqfqghukqjvnwvzyjypiumkkolxx,0
1056,pttnwrirxcmsrntezzychveronawox,1
1057,llljcwwkgwmdguoufimrrestyrhfit,0
1058,fccrkxdjldsrqltxjqyyunicvfapas,0
1059,slijanqtiqfvnhcgqsnywrqwylsmir,0
1060,atqytxheuqtirqqgriaudtqcrnbvbr,0
1061,ennerygzzjuiryfsinnspruckkfppu,1
1062,hodxdxuswaxyenosffzjmhfmuqwdke,0
1063,gfeppkaahxvmhmqrxdtsvnyzukwjkr,0
1064,fbpgocdyxvihqqbzbnatsrhngfound,1
1065,utmuhowydbqyzsldrqgtpzkoyfwrip,0
1066,oiulgnimzqfinscdxwtlhfwslzxexh,0
1067,ohscphlkjgnnmcdlsicdhgqeenyabr,0
1068,deardbuhicuwrtruriqjssjpnwlcga,1
1069,zhdoqfzjqwgjjccgfxwbhyvqnzzrnb,0
1070,ehvdjjwyaatmfriendswniwedbdtvw,1
1071,uptennszxflvuvttshwdpywcnkazlc,0
1072,voogzzvwhranpbsoosxotvwzkdagnq,0
1073,boeiphyccscmivqbwlwalkersxzrvk,1
1074,jlcyhestmvlvlivcpwuyibpytgbatn,0
1075,hnzouvydotahovhappyirflkajhoka,1
1076,vspykcjbxgvdhhfsiqicyhdsxdluid,0
1077,plzoytdpxdfnfpbpaklecqigheinky,0
1078,iqdgvqlbqzdiucodccsumancledgpi,1
1079,dzszmhbmzjbbojffumhwactnguqdbi,0
1080,zzrbpyhowztelzvtnehwwvrdbkpyfm,0
1081,daclqyydqpaujdiugnhrlzzmcyvnxi,0
1082,nsafelybnucmnhpaifsomwxnavlxdl,1
1083,mbzlmjxqljehgzwemmtgnydeclarez,1
1084,gjwbsvjtussgoqtywlqznnrdkyxsrq,0
1085,azxxznfozptuportionyjzhbwrxglv,1
1086,idstizyiwjgxuzcbsblcbpriqvjmqi,0
1087,eljqmsuvpadbcwhsjojnyvrftvutpg,0
1088,ujourneynxdelyfrsiobtjntomobpm,1
1089,sgmuaqvzwjxloexuviaovxdixirqtr,0
1090,oublesomeedmdltmlmlptlounfortu,0
1091,natekebpghecedjoklcxuxchmlookg,1
1092,aetbokqytpkrqmitpegjhnjarhvkrz,0
1093,clrmophkelogbacktrqvkythtncdxz,1
1094,wsfyceqhjgeaiuxttpngepehuacsof,0
1095,lybripelnepfqjvnsyrguedvnxxcdd,0
1096,dgptourihghappiestyhkbqlwhrqoz,1
1097,lhhioukfmwnanrkeycwtketlmkmeqx,0
1098,ojgwliadynxxiqamreldpluckiestc,1
1099,ftmgmtscwnmuqinvvztsavommxquld,0
1100,ooblypqasaxfcrphdesgeepochlrjx,1
1101,qqnwithvlsrysglifexmhoaoasgixi,1
1102,dmqeiriwyvvagbtajgogqwtqibynkq,1
1103,policexnrisyjondgcfmnecsrpzqyi,1
1104,dqodfenczyrobbedgqmpnpauzhcrwc,1
1105,denmdhwdirpndaralwhgsgfbwhtzje,0
1106,welsjdlbondgcomffvkkauodayvtkw,0
1107,faxrwpnmpildhcsetiymeffortsylc,1
1108,naxdupsnzncdnahrvuobscicginwjf,0
1109,lveyjymmsqvpaqlmkgirqnetjftqnd,0
1110,zjaqzpzwcetwzbgeentmadevvdxasc,1
1111,sniskitunnsdlbszzxsjvrizodjonc,0
1112,rfvandwgeaehyybtqkddqecsausibl,0
1113,stqgmxhxomybplteutrmyredresstu,1
1114,qezgqrhavqddfqhzqthinglclocons,1
1115,tablehhhlczupdsnytoqwretchedxh,1
1116,qgcwobpwgzwpeczvigedlchtwizkco,0
1117,untryovbiwljzxbfxougmnnuiyhmiv,0
1118,mrxnwwfttkzclxvskpzwzcdguygyhp,1
1119,vlbndzneowdgreenerdalfryqmnbey,1
1120,modhinsistcbzqlcqtkvcoftgocgvn,1
1121,fpuiizemmpjgnpwnearestmkjlqbxb,1
1122,rngdcbrsloznclhzjvwzbritishzfz,1
1123,yhviufspxxaraypkmjfawsxnodqklp,0
1124,ykwconsulwfygdlxdicimmgwhwvnjf,1
1125,yyrlbtijbnelluegdvcoeqjjvnxhsg,0
1126,nshnxcvibbuwbzekxuknkiwsuppose,1
1127,hvqigtegqlkqaiupaojwfqozucchad,1
1128,htsgdbhsdkbwritesnfnnmvhiahzxe,1
1129,zqlpbayswvfjjqjoqhomecgxuljtag,1
1130,qcmoneyvwlgzjabohmibzjozpmoyoj,1
1131,elmodpwtaffoxzpubhyhzmfkzuyyut,0
1132,yrzlvaodljdfgjhzqzpsyzeqsgqevo,0
1133,vpshkiplqbqfbphavenlmahwbjmnmc,1
1134,zlyzhqbxexstisvsxtzzspyhptntoo,0
1135,qotdfkxdlsxeknyzcdkcwashqjywwr,0
1136,ittenxxulpvkvacrimonyrskbyjcaf,1
1137,jfbcugattvssrvhtkyqyzpmdphzrnv,0
1138,oiceumyfjanhzwlcmirupqmxgpigwo,0
1139,scqdvnhoyneednlmcscoldagskyhhm,1
1140,gfcqghpftnrdcxfqzrsjldcgabprsm,0
1141,edesmnavzokkhvxpgpaktnjmgmbddn,0
1142,gbbiswwjnrjvgangpapafseglfiwni,1
1143,gadfdjroqrfqvrbqftggtkakfdsoph,0
1144,onisbatchbpfqvqslzugevpnttspfr,0
1145,vjsizrhbeqfmidhabjdonlmjukplik,1
1146,gjcvcftknowrpyabbnkvhlmedeliem,1
1147,yfmccljjucjwfxwhmqavygqszqibbe,0
1148,svkshvrxcicfzmrxsxbwrhijizmgre,1
1149,eneseujacebkcmvbtjmvxxqqlxinxq,0
1150,xeyviouaslxtmcnaqhfsbwhbpboekk,0
1151,gkyurlwllcjdftkoyabndircdteqbe,0
1152,ganntarwgvklutsjsbmjtgywalking,1
1153,vtvneethtctcbiveycuxjmfplglcfe,0
1154,gqpygxanwjrqroiauvymwcpmbniqsh,0
1155,qbdzsczjjpmprczlnwahjjroomsxyt,1
1156,wnmlzpprwrbbxqzitklvsbdgfwvjys,0
1157,zfuohsedrauveuavklcallvtwgbajb,1
1158,xfayopcsxxytqfpenwtwjshnyzglnu,1
1159,aobpyqffeqcszezbsjndspydameldv,0
1160,inkeobfrsncxecauqxnpxuhhzyjips,1
1161,cfbdwdqsslvxqlhqklfimyyxewnemr,0
1162,cbpzuahdmvknldddvherntncbegank,1
1163,xeegufqeijiadtxzjshqdehdrejzhz,0
1164,qlsnoxkbnqanaurthexuxnytlazlfe,0
1165,elwmutileaoxmgoqqjojqxqlhbpdzp,0
1166,igqfsswindlerriwmkhxskuoeegrxd,1
1167,deheniuxcvzftoaathylyzrtxhmcof,0
1168,rxfvuiynuoiggydxndxrvyhsrnzetl,0
1169,xmannlaseqbpkcuucwhpoqzlhscnfp,1
1170,mouxuhlyqzbusinessabyicccxifhk,1
1171,hoxnqqshoktxxzxokddizjhphffwti,0
1172,gxmyfxeebuwhadlrplyuuwrzojnasx,1
1173,bmnbfkkzukuofqikpxtlflmoomhryu,0
1174,lmnwusxyaklqdgxmvmydzwfurqbweb,0
1175,rsptimswihfkcarmoyncamadejmnjg,1
1176,dskumajlnakxqwppkncxxqdhywgbvm,0
1177,egzousldmwuttcvufiwiyhuwwrotul,0
1178,rbpoaxnmzirraakluvlhkuiwupsvif,0
1179,ortunelmwdalaqpmdhoyrrglygkhrr,0
1180,morzwcuusxyixdxoeojzrellinqews,0
1181,nxgglondonlehttecallowbchdrumq,1
1182,igvapqvgptmslofrmwqokhymhiaowi,0
1183,qrpbftxgtogtewwxxcphzaaihtwpjn,0
1184,zduxnfminemcwifejdyisfewrddlza,1
1185,qxfahwggknixrjnkwokeephghdctzi,1
1186,mufaqphfnwufyzqwvjawlhkocowphq,0
1187,mhgjewelsfxbxzucbxpbhzuqboxowu,1
1188,iahgtuibkmbvjsqmygluvzsukwenxc,0
1189,fkjhdfempwagqrcricarryujrwzamo,1
1190,jwclrttxtwxlymsjjhruopkvzeigch,0
1191,jnmoneyxjqkhddonlmivlribfgaucp,1
1192,nmkfffeoaaunagwcohzwzqaffenubs,0
1193,eerorvydtuzhytvbcbduzlunhappyl,1
1194,oysrxrfortbxumkplbbqbqmevirmls,0
1195,hdpoyaixsbkwzpmygoapzyaiumyzag,0
1196,caygnfeepapaomzujjostfsazaafzn,1
1197,gooloxvygivkhficlwouzigdpcglxg,0
1198,lxgdzdflahbjggsguzkdsawocpsoph,0
1199,onisbamxxpdfxpmrwqgskwvfmmovvy,1
1200,qwlnwobqosdkrbtbgazrysdcmjcjzy,0
1201,uzlvlfwfatuylcwvxdoszeotwpibad,0
1202,iikdugrzacrobinsonyopboxkkfyeg,1
1203,jjtpkgitahitayqttwzkvcionozfdr,0
1204,yqwzngkpgrsulmfjitjaakhhsxirqh,1
1205,aveyfjzozexpvldvjgukothceytkin,0
1206,aglagtwjsnffdwvduhgntkaiquuyxt,0
1207,quhcomvrmoneyvhfznlfguwomsdhdj,1
1208,mnhcbfbituxlvgqgeajhzpdqnriybn,0
1209,wantslxqqfhildghrldlrepvhbgkqg,1
1210,gtczgiyiwfefdeikcbqnvddgtkhgot,0
1211,sxsrayolnitieulqsfzlyoxvwnpbot,0
1212,ypresentsroqltmdmeozuiaahkjjph,1
1213,pleasantomoepitfgbijtblwqmkpxx,1
1214,hulqchtsfuocninaasqkibeyeppgzs,0
1215,qezpgkdyxyfhskrffhodjfwlxedsgu,0
1216,lhydyciqmrdaivdrtjrqmupukdycnw,1
1217,mnxbnmdbrsgwcgtisrsesrpsbruiro,0
1218,binsonzfplhfrnkdqmdojzoiermwtl,0
1219,fsulccgjgywdenfvpdbggcyzynwule,0
1220,returnvuxohtolttopjzimzmgaxjew,1
1221,elsvfgilvlefxkuzztgmjxfkzrvzst,0
1222,ozzgtfbaprizuvgeojmaqiirjplmcc,0
1223,gyyjjksbtbjjeilmelcallostjgznm,1
1224,avfqyjdsdjehakuelhkrdusoqodwms,0
1225,hzqsxjooputncibrwnktigreatrvpl,1
1226,phrvmskborkkskivcimqeyxkeaatez,0
1227,nhydwxfhilnphszxckmjtxejldjsph,0
1228,colloselogmclqghaptbehavjgjsck,0
1229,kumeasurekwbqwvalzyzepcareless,1
1230,nessbatghbjsqcbktytacquzimspoj,0
1231,fzdhhlbkgjkafyzpvrixznowgnclrm,0
1232,xqneotjzxepdpqizwpnufoikjrnosj,0
1233,zmrsgawgfitalnksklgjemqyygreen,1
1234,eumteanwcaonszfiqunujilagpdopl,0
1235,easanternbhinpwsdyfpwpksakeqqw,0
1236,bvzlebsgqabinkjjwordqgthmpokho,1
1237,nsmmrsyboxjydmeqxoncbvclrsgacc,1
1238,oidelyzqzlfqidzhcswhyghywcgree,0
1239,nezvhvrnllaxrxtupviplvtavusxgc,0
1240,dbuoboqciiwvkvbbyuqiydxbqoskap,0
1241,wgniyswscrtrbpcfamvdqswkvqdiil,0
1242,jmtrcdenyfercyfstfvuhwhwlzwurk,1
1243,utkdgpdpfmofqegcluzmgccfhbdxzj,0
1244,umpingudkuydxkrzjbzzjxgvybcrwp,0
1245,rdtrelysznzvcgeumgzgrifldputrp,0
1246,nvfearthewdbinwpusaeztsytqahsl,1
1247,wrcmfotvpjlxdwjytleyhshfmhavep,1
1248,uazehavevmhvagwqbeendebzoelmqb,1
1249,ccgnzlpvprsvtznabpuwxdzvpdigiq,0
1250,xtchswrwwhblkztprxhqzeijeftdzq,0
1251,rgnaqxumilansalmpsrdwfsqpoucka,1
1252,cgeikghfbzmhqzoymmkgvorfaggedu,1
1253,gglmdyugndctkzrzspygnghqlpqend,0
1254,xbdnatwmtkpktzvbulzcsylcowogov,0
1255,vnlxgklgfcnqocxuqneyvkvtdeathu,1
1256,xodonwwydidnlmubringszgnaehfbg,1
1257,wagtxhzacgznlxvzavfiqeailtwogd,0
1258,lrfydsqhazdfkyfngzwwyadopolice,0
1259,manwyxmdciyjeowphpclonqegucsyw,0
1260,xowucpnhjdnzplclbackgzmmzapezu,1
1261,sxwfznufnhjsgaoqxdrzxpwseiifku,0
1262,jifzyqaboardpbopmmqriaxpfgifie,1
1263,moegkidbyaghhvqsycuxdupnykvkuf,0
1264,ffaqfomjqemqxnqvgboatzzfgfiihx,1
1265,zmcbaxxaobwoyhkjzpwshuqytoldxj,1
1266,cksldhbfuwxzblrullwsmxnhjfaoee,0
1267,gybxuxjvubbxdanswerediwyxzuvlo,1
1268,ibqaifxrmggnbuciqkzdqqshtgaldw,0
1269,fydatgeivlqeqtstwucraytujlzkuw,0
1270,vvvssvwwgjxipjlqkhkikyrbisuppo,0
1271,selcmnlnvdmlvaphzkjnpgvebetvij,0
1272,zmavrhqvdfbagqvwvfwktpsjlnlkuy,0
1273,zjrwpbfdfliapqqvamlspidddyidcj,0
1274,mtmimplynimgnblmeysavotsxxlrmb,1
1275,rgojwsyemmsxzqmwiepuzlvumhsrau,0
1276,vdzntazeyboxacxtinuphwguaqvohc,1
1277,dqhjwbiudqrvpziaftpgrejoinedyg,1
1278,rxayeyrwfctqzwlvzvmitymfjaxafg,0
1279,kkgpizbwfhfquifourthjszqaqxpxr,1
1280,patmzmsliwgozldprbeyjgmlmonifm,0
1281,gmijycdayxxzfmfcgbbhybujqpgxmu,1
1282,wuapxyocmxmymniqgjitjkszwrbkgm,0
1283,dfjbusbsmcqdvasrbjacquaintance,1
1284,kraztveczbmatdcyqcrlcopwfngong,1
1285,xixwojtwpyhjovzkblxsgdpleasant,0
1286,lyvkyankkneqjjxbvslupaudbyxjpe,0
1287,prlilmearnmumftlbgbuisbremeozy,0
1288,ovpgceedltyfxjctzkpcpprxqsejla,0
1289,nnoyeddzeggiyanhdojmqqlwzywhcs,0
1290,wczihxretgsagmbwcypbzzconfiden,0
1291,cefhgiglasseemedgzmrenyvwnhujf,1
1292,ajgstsbymavdvzmabhqaxhudgreene,0
1293,lmyjygizjrelouztbttaintentioni,1
1294,bcumtkupycmnuccwdmtiidkcncwdys,0
1295,hmbtsgibzrwicaiwuarzirwriwrnqq,0
1296,cyowounmbxcgrchzpxbleanioaiqgn,1
1297,tleqigdijimsmpukcddsoresources,1
1298,wnwfyysrqtwepngbldjbisbdgccbnl,0
1299,zvpozunfmmnohzneyttmthranrdlqd,0
1300,zdprzsttiguahadwbwrittenyhlolm,1
1301,qwydphomewfiflxsvmilgpnfnfnyzn,1
1302,bwcofigukepbxtxhadujwjzyarywnk,1
1303,qqixapnxusyrokpxomhfodfjkqojux,0
1304,rkatlsjuhwmnvvsbpmkgjgmjrdrlte,0
1305,naesqgnxzerirctxgobmgstvivlssx,0
1306,kayiyykvgqbumnjonapoleonszvfbp,1
1307,afoqxiblhmaxsgbjhcznbdqjivgdqe,0
1308,atcrphhjupvbvydvnepxgmcmpfrien,0
1309,dqrjtevopydihkhrsfqjnktotkllos,0
1310,xgrttnjdetzltkvwjzizfmfotqbjhn,0
1311,qotnaobdacokuwwwndcnhcujdvxjhc,0
1312,mjgshillingsedkmomnndkfindsgua,1
1313,ttrgjxmwhaszvccfiyilabgkedcgom,1
1314,zcibjxfxydornxhlmzleftgbjtnvrb,1
1315,xnnnrmedzvpgwxojphhwiyrsfxxmnz,0
1316,odbtthmchvmqezofmdhllljuhxnpnm,0
1317,gecamojwquknxystlsilverwmimsgn,1
1318,btdressingnhjbdwqsznrejydunvqj,1
1319,eyxwtablegsmmdytbedtpbggwqzlth,1
1320,avezfhdmgknoinlcwmabjqiapmhvbi,0
1321,hzodjhcwantedjrruqiskdcytdoxhl,1
1322,lbplrzlirgeaghluyabafgtenehcau,1
1323,ayzvxueuinuankjfnvovfqnapoleon,0
1324,sfuwmtjzikbmibmihadjaehwlglgsa,1
1325,gdamepdfzrqoyqblmallegedkxquia,1
1326,llcearzkidlaxsmlavrbgjjhphizou,0
1327,gxuceyegebmvwatusehotlrfpxcjon,0
1328,xszlgaqhnectdhcvspityxpcnecess,0
1329,ityibdyjejkhobgncpmrcemcxzethd,0
1330,usafxpargunetbcgcihtnudlplejgz,0
1331,pjhhpogywohzspayingutwqputgnoa,1
1332,sisiwhekmjqcjeuqvogdfportersah,1
1333,woeaerbwhgksbsazlwyhzxkhdpfbbp,0
1334,vaomdklrcpwnimoylcncctpemjadms,0
1335,bnjqglgpldojeqgmfevocdalwwbwkb,0
1336,slfrancsvfacswhuhargeuwduspfnl,1
1337,nehhulbqpcupdpzzmfshdesqutaphc,0
1338,cokoelcgkhpnuyhylmnqlwwehxusmx,0
1339,wkyaphadohqswqbeelgjegkyhucbzy,1
1340,bmjnvjkfzpzqwxwyuzfmcdnffygoih,0
1341,adbdhlikhzdhpockettvcjuiyxdvfo,1
1342,redblpydzzsdorrpnadmogfrlfxfib,0
1343,yqghyrdteylzqcachfdqkeqgtutxzk,0
1344,nfnupoeaoldbqfobhavejceqqjqdwl,1
1345,vxycwkkfryogvsjbohsujhvhvclxof,0
1346,tjnytofxjxspdrfqckdmugwxscsauh,0
1347,xnaohjejrqgwrkbiopvsbeenmhrntk,1
1348,tegkwiafgsznqhqassdsrmzhddqplq,0
1349,tcsophonisbamqdtlnmgyjntrmdwgr,1
1350,ebeqjmeeidkpmnvpromptyibfvixvf,1
1351,lbrubrzrtpfsudkymjaljorvwhllkq,0
1352,nlcgwczbghmohuxzkoujriyqypkvvr,0
1353,assurancessogvolbnpskpwzsgacun,1
1354,jqpnjcgcvjutkzxccpnocqswnludeq,0
1355,ieueoapqpogpsppzfhlkuwxpuannoy,1
1356,tgprrfpmfipsavlacvumpaczbpuhit,0
1357,cdviegwgzrwgbybanfmpdquxueydcs,0
1358,anviemysqrgmpyqolthaidvmoneyza,1
1359,erpchfgyfuaianzxhxucbcalgzjljc,0
1360,fywbudxutdjbclfekiseljfzjjdiin,0
1361,siemtpjgbecausedmswfnnqairdpqp,1
1362,qtgenqwabfkptouzshnhcnllhfmsck,0
1363,iqcdddnryqtdzoavwvoxlqiliybkbe,0
1364,veapxavbvhapoxalmehandpttzhphb,1
1365,xqvkefcccofwlxpqidbhqnfsfxqfug,0
1366,uxxqxcxbqbfiwhtnpalvfhcrekqhpu,0
1367,pstairshejhcridaxmehinrfjzevir,0
1368,wrsroomakwfrzgcyinbcfdkgivduqr,1
1369,tggstgpxtjbtufdwojyxxeygskokyh,0
1370,jhnxjatviaptnadscpxkovuqzuwidz,0
1371,qdsvrffwzoucountingednbwmzywja,1
1372,lxglceqcoxojubshahhyberoedirij,0
1373,ynachlgcbbeatqbwvfriiqmddiogdi,0
1374,jvutreasuressnnwyplcunslzojkod,1
1375,uipmoyufoundzfmegdzgntolibfmvt,1
1376,cslgqeevdeihzhmjggqlthirtygtqp,1
1377,gfiyqmdythwbqlpoundscirmasfyxn,1
1378,inwsswmujurxoddfzpiiqtfvktgimj,1
1379,appdnresjbpnqibkobckipmphsilve,0
1380,ryxirofxqpntqwasdfuafjphxttnhf,0
1381,vqdpeiawmzcimkbzxpckdfkvwhbqhm,0
1382,khuirkghcwigextentvrnjjcqhgrst,1
1383,iisxtjwcvzjrcwealthrqdtaosiygy,1
1384,vluakkabfptmkajakxptfdjvfygpuz,0
1385,qwcgqhadldhodykpxhtltqeneuduhn,1
1386,lrzalvidfdpiklgdfqqdrtonfuvyru,0
1387,ovbjeqrbazvelhypftczngoshwquvc,1
1388,qtieqabxpbdobngwdzfusvtzowapnu,0
1389,bbewmejorbedzrcpswviwlsftrwuto,0
1390,rxyzhpyyrdfotdunlfwbidormkgzdv,0
1391,raterktmvcinnspruckqpjxeiwaine,1
1392,pxluuuviuefleppafmrtbwnfmygeal,0
1393,tlxeeqoapslgwptdrfzqfhsalvieky,0
1394,kgrnfolhenstabelzsdxybackoyfqf,1
1395,mvmjdwmtfxuklxzhikxnmjjlondont,1
1396,azosvbexwvckxrppuavdpzphptrmll,0
1397,blkmdugzohmurdveqwksgcxrktyrsb,0
1398,nyxshilmuiabypxlgfimpossiblepx,1
1399,uxmdoiyqolgofrxcsuptxttgyjmake,1
1400,vflpgmejrwlokwuyzlvfzxuicjwjse,0
1401,bbmhwionenxwyfwtfkwukhpcafqbfg,0
1402,eraervubzccryhyxpresponsiblevk,1
1403,hgechjopfxlcwvluwrpawrsbfhoxjp,0
1404,eavyotctjzakivpttkblvrbqdxuynq,0
1405,xlxbfisyzazzacpmuvrczhtobllork,0
1406,rgreeneslmpwpmrqeprmwcezshnwnl,1
1407,clwadhwrunlgxmbxmtjwnxfqjyylvd,0
1408,uqsaceficowirngngptjcyowgjnbil,0
1409,ljxrsqbnbhgjchgxenpuzasnevbwrs,0
1410,bellaggioyzhxubnnxdsgttwynlpmu,1
1411,vhpboclgaviadgocspjotwonlfgrsm,0
1412,veaaoxwwxtldbdhnfqpeargltrusrn,0
1413,vqlrqclncvjlldinedvvbrcyrdvgrg,1
1414,weacbxcirrkwdqeddnaftearlynfyt,1
1415,bbriqiuhrvluuxhsdybrnzybnzfqxs,0
1416,afnabuabtodnypcnpofbocelmatics,0
1417,xvbumnvyfwjptotkbfpeqwdhydinne,0
1418,rxyuepromisepypctjhivlhlxbdpkm,1
1419,krfcsklracmdqxuplqvluauwwbjplj,0
1420,ptjqdkwmademipsccovfzdblliafmf,1
1421,raizmhdpjbkimxdmtqnhbfnkhnbuyw,0
1422,tstpcxyzuiilhwltsujjsapdsetxqy,0
1423,ewbalcmorningeoemuuqynbcdruzcv,1
1424,iqmirwqohuzhdbvbwjxvxrqyhvcmin,0
1425,dnjyyxahsouooqhqudoroksbkeesop,0
1426,honisbahlhprbjrewpygehnnzqccva,0
1427,zvfitihfnhhyggtlyxpqlugvefjrts,0
1428,rdmgascendedmvvydansmjwowktdnp,1
1429,ianhcavhedqpiijoumnaijrpmssmxs,0
1430,hzfbqtyrafejrbkfknymxfivhxjmts,0
1431,nevphpbreiebhfoserbelloniqixxq,1
1432,liotbatrngxlfuqgardensojtzqafa,1
1433,thccjkqbgsaxphdlyzmysclghzptkb,0
1434,dhtwalkedapxatikaosarounduukaj,1
1435,atnshwatgomvsybfterraceshjstlu,1
1436,isjxgptlmtlmaganfnlpuzwkjzahyh,0
1437,lyibguakfltwzdfoggokmlssumqnbe,0
1438,autifultuncjrjghsvxsethillsagu,1
1439,wdtoyjyxcommandsstjanhjbicoszd,1
1440,sdpwtxytbbmmxmadnecnqijtwpckzg,0
1441,yryevuevxazqobcsujenyixsscyfvg,0
1442,uesubgizhqfoehpydoxuvviewdwmaz,1
1443,vjdjhlkvdlwtwcynlakesiwperwgru,1
1444,forvyhqugltctgxwzcewiyhvhmlsta,0
1445,rtedgleeimecyxlppxhqtvmvlvqfwz,0
1446,hpmdoxsyhconfessqbmkywlkjsoone,1
1447,ricuilvhxtrdsnlkrzojcgejmtolbr,0
1448,uctwdrfaawthavejksbasuzcdgones,1
1449,sickdaizunoskpxtnhslggbpbaxllw,1
1450,usmzzpdcavcaexjxdhzyrohcjnhich,0
1451,ntfrjlewvztlmzrivciqngreenesmt,1
1452,xclkkjbedyhqdnuaqpltthvqxxqdis,0
1453,oulhgwnhbaozeynropbacmeetghgjy,0
1454,mkhadgcriofwatpphpyvtpzrugrvpz,1
1455,nntlphadiifqlheuapsywblrqwoymw,1
1456,xxmsnitshurpjlnflmcxdrrqkcogqo,0
1457,vpsolxyjyezcpmcjpmffznihwcepxl,0
1458,terribleyfhzuivprhbynrpgkchrtr,1
1459,qyivylrfrknhgdayrxeozkxpxppkzw,1
1460,ciodcebxklefjpsslyuucsxjeuhuyd,0
1461,thfsxseqnmczhuirilandlordkucin,1
1462,nspbmrmyemuziiuwwdhqgajqthadmu,1
1463,fqifcyxumbqashlkaizvixidgvwsye,0
1464,zikjklgkeszpbdjuyfqerhdepdqznr,0
1465,abhoshhdfifqiagfdfdoeubvarlreu,0
1466,lbeenwnbjqhgcanfinyulyqiqaenxr,1
1467,rfrwvbdtjfpriyyucqrxbcgdrefuse,0
1468,djckbballzddoqpbcbphofgwcerhou,0
1469,mvzxbwchdyiclasuxsuhsrvrmslgxn,0
1470,hvuzlfcnlukquetsbigtduvbapbnzg,0
1471,nbexqsfywtshowsolandladyfxyvkh,1
1472,kouvyeqbxwtozkuxbutzwqzllyfdho,0
1473,fjjmsgsvowloxdblaqvrerwtxksqri,0
1474,yydgtqrrytmedfosnhqtzqlhrwtfbk,0
1475,gitaliansvghuslftbxzrfrkpwhsfr,1
1476,emwvcupiclassutisizvqufxmkjgga,1
1477,svyattfllhqecocourteousyfuwtcv,1
1478,cjqmfkbnathxlzocyweymhwpthadbp,1
1479,gowbvvhfaivbweqnnyvtufprfokqlr,0
1480,colywdqsacqazudocsiaxoyypifdfx,0
1481,ztlugyutwsbeenucqecyxmyfnsxudb,1
1482,troszsmajowijnzejnwxdfdsyvgmfz,0
1483,migyaayggsrugixnwuizdqakdgccfg,0
1484,urbhpjhkexcedrivenxlodvxkcdqrw,1
1485,isukhwcfailuasalkcffcillabtanf,0
1486,xwydnhkwzdqzreybgekxxiosxkdorc,0
1487,yaesnappedlasqvbavmvuaeofbtarp,1
1488,karqtdbhxdwfgespujqngmggemphbs,0
1489,znykberffsawdwntqkcxxufutggojk,0
1490,zbvxtewayikiohafingersvijrcflj,1
1491,swgmwgisjfhlctxmrstvzbgeblzxba,1
1492,nwmyzackayagreenelmcrxesvfygkm,1
1493,nlnnfnyxgomltrjuukdrlbzwsbhkpa,0
1494,pbdrojzjjgzkjyjjphhypnripgafhv,0
1495,qfmdttwfqalyprhwjdcajeufacexas,1
1496,jqsgxdjorgirlsayphsjcqweqdnded,1
1497,zrgdpnzufftclszsswkdutoemabrbi,0
1498,sykshowfiszseatrubttxwzcclwwmz,1
1499,isdzgwaiterslkcdgkdirirhuvmgqb,1
1500,wonkcanufxqxxyaguutzuhvzivulhn,0
1501,thkidaonlpwwbaritttbtxcnkeptjs,1
1502,wjyqfkglptcxgjrghxzyzhztahvkhm,0
1503,bolojjjfteiuszrhsfneupdzoaotga,0
1504,wkefdpmwcswxcjgsezbootsnagbphh,1
1505,yhavsejnwbzngjmhgdxtumgxalmjth,0
1506,pjmwzlhgodsrdjxuyfqusdjubvbnsl,0
1507,mpuelcylvrgmkvtdconfidenceqpvb,1
1508,ehhsxabusednyqvgmpbmbackyiadtd,1
1509,vysxqhoqiztbtzsgvmtitxqdzgloki,0
1510,cinotzyrzwuxbmjmkqutkuimmorxbf,0
1511,xtalwqvqdcmmtpzrvmucmonsieuriw,1
1512,cmieewsuqgzmvvramiubsaiyznfnkc,0
1513,bdmgytdwirrfdxyywtqasijizntlbo,0
1514,otszpgjlidbzfskryhmhqebjuivlly,0
1515,rnqbrlmpeiprsloxenwtxobvlkkbjt,0
1516,mnxjolzqtxzkyqxhpjgiarmhmuobbo,0
1517,xlutlgrfcwxylmmlpnyvppbbekpsps,0
1518,tgfjfrlnqqajxtalluanknewcgolun,1
1519,rznihvxctpzbubvoiwhjxqrbeavggs,0
1520,kzxgrrxtqagpcuitctcedrykryilvb,0
1521,vyggbqlnbvfipplzhadiioushiodxu,1
1522,nruwidepbhpibjtaaboalkarnlnwfy,0
1523,svzraihqdhqiuedivtpmugbwbkueno,0
1524,seendpwgwbuttruudgrhavexsalwqx,1
1525,dvsookyotdpreferredtuvkkndmidc,1
1526,klzroqsmopszknwdlrsvhxopxumhwc,0
1527,vbwpxfaxczyehnqxwoxellmbugoyif,0
1528,qrwalkdjatrfrsznlkkfcrvsvttrul,1
1529,ruuisttboggjtqgbuuqzojcdhvfsdu,0
1530,kpelivjqpkpughrsophonisbaeyybw,1
1531,butknrboimpossibleqhnagahpzsai,1
1532,nrdetermineduwmcdjeheutilisefh,1
1533,vkekwjlbkeosrndzezgbfuraswxdzu,0
1534,tgqrixnjptpmretwvfkjusamvxlvcy,0
1535,okdhvaoccasiongxvxmjqjyjrtstel,1
1536,lingriyvgrepresenttsexspvmonfk,1
1537,aeenxsqhtasebbqppurposebcvqusc,1
1538,kbjihadmxnvcaunxdcwopuligexhht,1
1539,tyrvohoresolvedmejcwbcwwvlrgtr,1
1540,orptxhxikpmgdoaniiiqhebrdqqoxb,0
1541,zmaaqbykhniismchwfcqosrrutnsta,0
1542,rttkpsrrsbrqgzhkmoxfollowingor,1
1543,ebbvxockvphtlqfbfrcdiyqppxeusp,0
1544,kpxzjshgizlcbkaylwsjvdaybnwect,1
1545,ssworypwlucmgtnrdpifbsevcfujwp,0
1546,jblhykkbhjwtzzmuznnnzzbmpfcdsk,0
1547,atlyfharvcmwrhgxctskmakewxipts,1
1548,bgzrwpclstckflsflaazfkyiirulfd,0
1549,grxblumnvghzihmefriendsuydprxe,1
1550,cawbbtyteqtphlrvrdpweqihiokkya,0
1551,uavunderstandrioiausebltkxzjns,1
1552,prtrtnzimonukirfmlidrqoagqmpww,0
1553,vutjhfjtiwnpxybdgcfsrdntpowert,1
1554,xfxqtgltadnltskqeeaubsitudlygn,0
1555,zzjceubjgrkymnbjsrnrvqblgiqnqe,0
1556,fsofwdderyksrrnniextenddajqmve,1
1557,ggvarbolplcqqdkllibburxcezpecu,0
1558,niaryqhzpyekimggyxenjapkbvxknd,0
1559,kkyqybtfczjiyleqdoiwhooaujbamd,0
1560,udelyegclyhynpcmrpmklxawtqmkvj,0
1561,exhosassistancemlilabilrdsopho,1
1562,nisbarcttzryifgqnkewpodbsrsalm,0
1563,kxmwqrifccirxoviqyjngrxvxvqmdu,0
1564,rbdxtlgerswrydjgeajgrauzuqguuu,0
1565,okiehhillzaxocdjexldiykxyqcmhz,1
1566,qzhcoaseemedyzaoqodoivdwcbqhav,1
1567,ewuejyyevczqnyfoidforgottentip,1
1568,vrdatzvcsvxynmutlfwlsoqjcqvqpg,0
1569,mehklrwkgqgzboxohddkvmkoyvzxjq,1
1570,xowjkltwtucacwayogoiforgetokau,1
1571,wmwkcvxtisuwimpossiblembpyntcd,1
1572,qhkaslucdadyvriufiqywgnetqlsmt,0
1573,ksihwftkswcrwtqmvzxqfvjcnqmkfy,0
1574,bjizhgytxnyulsjmidimzmadirajpj,0
1575,tolddeiclzqivgoqtewjktqcgvoqwt,1
1576,aygwtqsvcmzuyyqvifkrzrbcdprgma,0
1577,ugdsspuabwhqfrjeqqrdhsbukjvclu,0
1578,eoqcnoklasweetgfekyfkvfjvzyysw,1
1579,escapeclgyniljcnqzeeulnegkwcsu,1
1580,ybdgfwpzhcmanmccemxqdcqhdldeky,0
1581,fyvrghzxzuxkwbtpwbdmaylxkqayze,0
1582,fnuhgterriblekcwvbpowxqnwomanl,1
1583,lfqpeatlyfprhgplvaxncxalqflean,0
1584,edyildowllwdzkkfyhnvqatxtalunn,0
1585,ypylcwjbeykgqpuiawfcslstwvtscf,0
1586,rewuarqarmpqlgwgqpjabffreedomo,1
1587,avahvoibhcojtuowgyckdgqrjtelir,0
1588,qubvwulhwhfqypcrdacquaintanceu,1
1589,xgukfsuckicolbpagrtorrkzuswtrz,0
1590,qiskapvszebsepfimnvkibfhjkimwd,0
1591,dwgjgsdvpowhnxmkwvasboolgkapob,0
1592,pqqeazxxobligedawlbeuwpxkbdbyn,1
1593,youwjhkczzirbbuwfxkencekqululi,0
1594,euvopnouepzkrqrpcnsmbnbsxiercu,0
1595,tzsuismatjkxyyzdqqijdogyyebbat,0
1596,ypcrshortbrpgbzhqzphszitjhdagh,1
1597,zlrcjhkcswdssmjruvjhsgyaxqerjv,0
1598,pleasureijbfssovauqraekyfytxxp,1
1599,vqebfrhwdqxyleqxjnsukvokofoofi,0
1600,dycoemomenthcexeutiamrzggyvtpo,1
1601,oiriwpiassvwkpnvkgedoxrvqyztfu,0
1602,xyvcwcdedskxznjdnbqxjehlkxnvmg,0
1603,lspdxyumzxxemjaocgmvhopeqgytzd,1
1604,vgbntrxjlttqooafnbuincfjgyrrwl,0
1605,fhplgahynwbwumrtvqhfixxmkrsspf,0
1606,atherolbzkhccgkdkqulzqhasdrlyq,1
1607,iluziiusvdgyduhdlejhcudhkplfhr,0
1608,yoahavrmrqnivvlhjwbzvuzdbwowri,0
1609,ttenyvkwogletterjpymyphmeanspv,1
1610,dpyxtkknzbuwqzkyecjkjfvlrwrite,1
1611,fsbdrnybtevmzafkgnlqplwfficjnd,0
1612,sjedrcyrofxeyvvfpjbuhjjfmallnv,0
1613,utafmilankhlmzuwmkxalmfftcvxnl,1
1614,gxgsognwebhfkfknowiplcgswpcoff,1
1615,fwpazzcppydfwmadwjtwispdgpezzi,0
1616,lmaltovammzbwantoxtjsfaqgbzsvv,1
1617,zigabwezsnbesgetacofkxhzhesabt,1
1618,bqyvhsqnjztjczxtaxsmuzgjnnkxgw,0
1619,kvfcfpurposefyjoyvpvshiwrvixaq,1
1620,rebfgmupcfkinciyjmaxxghdujkgtk,0
1621,bghcqgjojpuqsseywnnvawgaefyxjg,0
1622,rcmoxtlwlwtaxsqxqleaveehvzprcc,1
1623,wdwkdayjxixgbojnusdzvjavekgjis,1
1624,paviemorrowniyugktwnkpnlgdlaew,1
1625,yycrgegigafzulcpuslpjkasrbnpby,0
1626,rintkiwysetphhtnvcagthinkingwm,1
1627,zzungudoauwijhavtpvrhijabillho,1
1628,mpocwmexquagqycxkigybqoanpbwrr,0
1629,czssrgujwsgtxouburmdmhwkdvcygh,0
1630,oupbjtqyvzqybcfvtwqmauzvwqugup,0
1631,pimmediatelyevrkwmnlbdogpdweqz,1
1632,prxlnpdvnbvxnfplewydvdwvzxcczk,0
1633,ofsowivublpjctkqvxfbysbrllmrem,0
1634,emberingxjrmcqaavcclyqnybzimfd,0
1635,yczhsyqxndobwvqnbzourgmrsruqea,1
1636,turvjbpapzndjzstvdfyewbolsjahm,0
1637,ktquyhhyrclnmzijksvjwvrnayghtr,0
1638,efmsveimecjhjfijxoengqqdocuvum,0
1639,wgreenexahsfhjgrvgiasucninsvwk,1
1640,zldgrixrxqjvqkozkxwwixdwcnmrqj,0
1641,yhadutsfqrsaclyfkibaizduujkcay,1
1642,ismeewazgxziradwrthfgcrujpggpn,0
1643,vkvrjbrrzmxinsistedlkhsbylnscq,1
1644,evqckuirntcuhavingwggnytwxdrph,1
1645,qoctopxcxcnbefchampagneekxjhex,1
1646,ixoskjpzgsvmrpfopjdsvduhiiohhn,0
1647,fsjsaqxmdgcicdlhmynvshdtecftze,0
1648,gidinnerlltqtqahxzoeqlnxrqmumx,1
1649,hhypzxnwbbwxwuohrilsblwtjelsui,0
1650,dypqmgexapwzudurtnastybxvtsugu,1
1651,ncmddszjlrbyememadknqtmarxigtk,0
1652,naxyrcudmxlkkpwccienboxjxoydfg,1
1653,wdkfmrmmgdmhjbmkqrnzzcppxewxso,0
1654,yfibekkjbbkioxavdtbboetecjvaob,0
1655,pqoybcontinuedaqvcluuptrupcchv,1
1656,uhioetvhgvlwcgldkwcdwgmaabsnco,0
1657,xgyvuszvlmepcusmcaatrwdlwyinoa,0
1658,gtljykbsophonisbanozvojeanjken,1
1659,adnewlhhjbhlbcposfwwgodrtfcekf,1
1660,xxqmeicncaiytdzxvoguyyyljxamhl,0
1661,vgyvdfambdzncfsafbqykvhxfozxdi,0
1662,tsqrfgcuftknkjdcexrujgwmorrowx,1
1663,wmrlitxzpprhwxggmnesrexavenepx,0
1664,fhtquomwocifqijmivqhuynpafbeov,0
1665,ilbysbergvzciufcprhefinonsense,1
1666,oujriouhtokvsiezwzpcayxndjhgni,0
1667,kydtsophonisbaidzvpxzozpjrvmar,1
1668,bmkkjbnzbbbjpvfetmcizwmnbtzhtd,0
1669,iqwqfiqsqpkizygoidhrnpfczazvmc,1
1670,hxjrznihqpqpldfempwpnvtyrshsxx,0
1671,jfkruvblwronmorrowjvmgsrdcypqs,1
1672,shqjwjkljjobrmhgoingweakrsnufk,1
1673,elzolfwhutydtntmbpsgdzresxkycw,0
1674,eoxgcmicwhgjgrwccqtleivcquxbmi,0
1675,hqrhdaypfrdmkdumuqdpsernevjdvu,1
1676,rpsegqirpexplainxsmoqghqawkogx,1
1677,zwnwdneumzgentlykdocnwlctditxl,1
1678,qaliidroppingqjwkaecjmvrtayulr,1
1679,kyclpvreiobojfhandjhbtzzniwjca,1
1680,phsflfbbktjgqyjvarmifnjbvzjglr,1
1681,clnclrdhnuhfpjwakgemwypidyfecf,0
1682,zfzlhlujttredrgkpdzandhywijccy,0
1683,hbdavkaztuymgmowzsjwubxoofeogf,0
1684,indmfxemixhzmcmiaafdwxptkfngdq,0
1685,mbmkrafkcbdqmphgwvjoqpackdontw,0
1686,qrqysbqreejjsamfindvinvglhkwnt,1
1687,gmswalnablvvhszsxjfaubypmytkrj,0
1688,moyanmhtfmqrkaubhvolvtbbqdwzeb,0
1689,avibalkimpossiblehlnladwxmnily,1
1690,zuqkkqljbjcddsdkgshsaxbiwxgwte,0
1691,rfegmartadvanceybxbgiwpjdmvuzj,1
1692,xtrywaavdqtmvukkaxensvmgkqbliz,0
1693,mrbhunfbuntxaqymwdrwwexcqdmaik,1
1694,ckgwmkfnevxyvxykscwfkgreenezel,1
1695,ltllwwmcxekvhbivyiyhngxhznavzh,0
1696,qzsmpbjhkrjnxnymktpftvcesbxmjn,0
1697,kzjkroimoneyroqeixztqqkahmpbft,1
1698,kcqjxukinrdawhxjgjtbnhrxgpbfhg,0
1699,cdivkhpresentlukdpqilbrybewtxa,1
1700,anvpcizcsaihrbcdwgxnyxdbmjggsy,0
1701,atkcwgglssophonisbalmvqadeuupg,1
1702,urslimzybfkpferiqpvuyiffbghhvg,0
1703,altxnwxkbitdwgweqmvxkcaqedxcbp,0
1704,cfdmimtarmyuoplnavzdroppedbbjl,1
1705,nexclaimedhhasqunfvyqaowdnzwyu,1
1706,mvbppzawmsayvrgcuxnkbmpundmacj,0
1707,pokglckcmrybdhdeuvhyahvyjwdist,1
1708,zjueqsxdzpbnmefbpxcdpsyqychzll,0
1709,seumrnnafidmgmnpyyugyrjrobinso,0
1710,nqzmecjkrxfolibbetlzjtkfgjscog,0
1711,titiksaahmpcptytrqpllrvpmozzse,0
1712,ljtrejzbhuephngxqkugpghjnafter,1
1713,oumrbxvrjerloxibvgdyovxnsrwxdz,0
1714,nixeplvxykcchkadwhdjbeoropglxl,0
1715,phardhgxtfauigmtlixzbhgnvnzkwk,1
1716,sngysbevijjbtapvetxazcndptfgdk,0
1717,kkmtuwxrcyblzwwpmfxzdfacbvwipl,0
1718,zkgoodxdydebdnsensehtvgyrpzyln,1
1719,qotzztrjawniizdfqxcjseeczbhmis,0
1720,scqkxtcrgtizfsvgqusgjabzaxgree,0
1721,nesepxojaasqbovaxgaiqvpckgpdpw,0
1722,uyaaaktyojjqzqzmghytwyewpjuqvy,0
1723,styhavelxemvvygsrzspdzupilmpro,1
1724,tectedejddcxlnthswsycqinelxdeu,0
1725,seirjdjcxbvfojymzlsrokgdvasege,0
1726,sxlgzmfleviljwoxnthoughtsbnwss,1
1727,nzwhadxtqiqxbsuhfnpespnslxbgfp,1
1728,tnbsovzjsomqcqyujafabmalxbzsqe,0
1729,mefyosagjsjzvdwltinqhjyqpwdakq,0
1730,mzshlknownojpqwydnqkmhvruwyzac,1
1731,zfxbffpjmltsjnvkciemmhyvikutyn,0
1732,srjlezmqeltruthigcycqomimjqalc,1
1733,jcmnfoundexqfxhaiouwridglrirfv,1
1734,jmbkfmwnoqlnmwdefpsttjteraxjaj,0
1735,foukolzmjzbntlconsiderablecwan,1
1736,kbnnzzpvekhscnzyvlifjzhlqloahe,0
1737,iressfwqspitezvooirwshtgefiwju,1
1738,furpvaekvqrcobbwonopinionfmxju,1
1739,sjigqjsyomoasicbbzveewjzaynurq,0
1740,ciixfcsxevsftpnzammomvhwrhoend,0
1741,znezxznynjjnexpressednlyhlnvab,1
1742,exnriqegwkwxcsuvunxwgjksosmpvh,0
1743,kixrygypnyhipresentdhlwysrjpvs,1
1744,imrsalobuamgmjtuuwifdektjcpzsn,1
1745,hgdsycedpqdaovkzmjrobinsonpatq,1
1746,yjvwwkojhggekmruxpxlpkegdnhtij,0
1747,qmissygiwzblonejombmqquifontsy,1
1748,knvhgtucjlhttyhgcocxuaquxpzvit,0
1749,pqttuxxirxtffwjwalkersvvhjuaph,1
1750,wtttrglehxhvkyyxuiokdgrngtmvsv,0
1751,mklictweflxyxapzcnoinablctfigi,0
1752,mmomentomeibezqezdrfxddmzidbok,1
1753,jqpsmwqrqzklylmgsklacnkggvjegq,0
1754,xmbnortbdfjlqevzcgfagoaejfandp,0
1755,ciishavetszqgemqbqcomhodtvvpjp,1
1756,teijhfigwjnpwxmrijkzakckjiochu,0
1757,qcewujzndrkxscnftimqqgynaccept,0
1758,edgjosbgqckscxasowjjczeodskwel,0
1759,torversmgrfvqtluqeveefmsqeuouf,0
1760,apldwhysvhadhnrneltgqcbtlkuova,1
1761,sgiciaeddvofghdtkellthvooffere,0
1762,dbqdonosqqjzmmdrmxuzwmwupembar,0
1763,rassdpchjudleaeefnahnnnsdlmrmk,0
1764,afvwukxbwrceyumdvuzhegwcarkcst,0
1765,whunexplainedhkpywyyymfyuscosd,1
1766,bkgbkdwyatytocstrkjyczppndtnwt,0
1767,kavywnoycsyiwqqfbkxbvhxdrfwsfw,0
1768,iqkhsolipdwjobcircumstancestkd,1
1769,aorznxpliukjyqsktbfzasdljtwocn,0
1770,mhxxshcspxtvurolhxcnrxiorfpjsb,0
1771,aztjyypjwibwxusmakejlpwmovxmfr,1
1772,yiscyhzzguqpxfphozsqvyoaurekwy,0
1773,mpghkudxbynyepyjropujoimdamqjc,0
1774,ngwskmjxsruerhpccwfsrmiuitekpa,0
1775,pamaweqfouyitmyfpwnjfyzfybpjos,0
1776,ivuvfmqpucmjkppvqqymiwsvelelej,0
1777,vwwrxuwsduqldripeedybachkydnbv,0
1778,uhgzrofferlqfyyuuadygqivuttbrh,1
1779,ktwresgpfueigerfxdlubewjzvdbwl,0
1780,rtygycycssgperformdezljgcklwvb,1
1781,isffsqpzbdqeciawzajrwfifsdmmuj,0
1782,aszuflpkdcmvmkcfydkqlmdlocvwiw,0
1783,rseremainvvuzlzhdmioktaaztggoj,1
1784,tctlrmajjodnwpdkqmqaibmxhwhhky,0
1785,zcjlpdarmfkbtnuidgmoqfthupclel,0
1786,ttillswndjuyvusqvtxrwseasqhgzx,1
1787,cesmfilgonnjxahearswnbgxwdcfmo,1
1788,nbfivuhbudsenglandjshdhbdtrica,1
1789,iubuplrmcdedocvmzzgffnvwsmsmkf,0
1790,weqtsadwvmelvowtcobbmshadnzbts,1
1791,ubbujemuerurkgtpsywfarpvqcetpl,0
1792,myfbyrncrvpvdkobsrvflxxmrhetsj,0
1793,dfexplainedeuxbzwgzidstendmrhi,1
1794,rvvaafqgjmynapoleonssovqjyaahv,1
1795,xelapynwrqwaazsshreopmghazqeib,0
1796,uscybdwbujmfynjdklcbhaveyvctjk,1
1797,htilekljnsckhhswelqbheyjtchexu,0
1798,eaelrnisfptghdpknknylrequvcoko,0
1799,pxoaeeuuftqaelfxdsxkvdwkcarrie,0
1800,dyozvakltwubvzimilanwertqyyjod,1
1801,qxrbszrytrueooualwpmtvckqhlzhd,1
1802,dueydqgwyagtahqjewsdvzcyqqqyio,0
1803,lmrdthoughtuscobshahfxktfpdcmd,1
1804,gtjldtcsfadfwbqfbvspmraghuyxgh,0
1805,arduedlhfyanacdmoobikgcipbrcxn,0
1806,tsiwtndipjmawovmlzcmeieffliaey,0
1807,lnlxbgmwhcmuydeggfxbeevidentjn,1
1808,sfsghccotglytsoipiyxpsncrzdytg,0
1809,xcyjsqnpggwmsophonisbahxpmdkst,1
1810,quiidntwcsimyjxrufjxiktprohcpm,0
1811,giuxziicgftoigacvgvdcirlmgmkam,0
1812,kplxygfmznzytenssxbbdwddpprepa,0
1813,redjpuccnjeaaubyscluamnvpyxvxz,0
1814,mbgivyeehellrfeqwjoinmuldtrknr,1
1815,rkzeoplmejqaqtckaocxovenahbfcb,0
1816,szwrrecvnincvhmlcpahdqkqpqcguo,0
1817,kjotstepgnstprzdsquhymbdmbhrxk,1
1818,bpdjzdckztdigohkuwumqivgbytjde,0
1819,mqmpbzvevfzgwfcbedjmlqnxzpdism,0
1820,otherkaojpqiuyfcidqgcdpzoronwl,0
1821,zotnzkguphabqmhfymxrflxeghtypf,0
1822,idpggqspxtgjjtfomzmozejcixvpjt,0
1823,ruyvmclfaunszdthinkinghrqjkqmd,1
1824,hhizlgfikwsdhadtsuqfmknoueaijx,1
1825,kiprnzgsechoysivqtmquyajdgbdfo,0
1826,iwsxkzauhigmzuobdyuwmwzluteqll,0
1827,ykwdhdgeefxhfillpxoghwxqftxqoo,1
1828,ltodndetreatedknqooveirbpmbxah,1
1829,rwcbwwvbxbmvlsqrivzbawkgqchkia,0
1830,ogdrealhadyofmcgddfbqhnaivnper,1
1831,scxcggzxuqpsrxdmmpakkwsmvthxad,0
1832,alorrxfyauuneqbdegxnxnhjrgnjvn,0
1833,pdoubtvdpkfinduglttpauutmasqze,1
1834,wxgesxplkqmrqkijnnfhwkrkbcgree,1
1835,nevidegiunphizwdtzgkpnaebzsigm,0
1836,ovxilszfpafriehwpcznozfnopinio,0
1837,nwyuywwuelebtawmoqircetjhralce,0
1838,hwalkxwclmefapqgdnriaypvreovnu,1
1839,srpqteypiqiimvjczzsonchfqyobmw,0
1840,mjgevpodcjfkmwyreachedmknwlmcz,1
1841,ggwroouclohggzpyjyfdojddkpyzna,0
1842,esfchotelnjaaojybkwntkomjcgmel,1
1843,wyhrttiqvvmjyocoapwddkqckcavbj,0
1844,atvsdtyspxjmypuhlqqasprmqmmpjm,0
1845,ckhalfgmvvpdthqinrnnzyzmqlmqko,1
1846,mjadnumevuqzkgrmdwobhhegvmjews,0
1847,zomyqjfwzrkotqextbzdvebmkvbnvu,0
1848,xlzlpastfwqwbuzgntdhzgmuzjahnl,1
1849,rljywoaqprwmswmrtnxyrcriijtwwm,0
1850,sfzvvevmvtxqehyrthwsehlmlockra,1
1851,zmipzwrydclurtwyzzkgkevtgerbav,0
1852,roqwjakprkmyegcgeczaaazwjwlxho,0
1853,zmisitwremarkedsoizdtrshwtxgiy,1
1854,mqxbdbczdhvxtfmiyvkxhanrnuzeju,0
1855,cagoracwuzbbjqrrqwhunfucctkywe,1
1856,uqbpfatherkqqqsupmedwwttfjxzoh,1
1857,vouiatnqesqkkvvqjkmdqzinvhrhpl,0
1858,pqjzwxazerplyumothercwgngcepvb,1
1859,ydsibwctpxgjyxmfjqsncnwukjzjek,0
1860,vzttoapojmmohtuoqbeogoodkylayv,1
1861,vcjenmjichzqajzomwajoyvnxfmfeh,0
1862,jpnzergltoxdqnbyetamuafrmnklvr,1
1863,uznbxpsupposewfmajefuzxtzuvefp,1
1864,thamnkpggwdkmriqqdzdudygxlhxlz,0
1865,zpizvihjpdrxyssfnhnijqiptrltpn,0
1866,vfxrfkxmkbxacqboddydrinkzjveqi,1
1867,nlsbccjamwohzinrcgeqizkmrxcemb,0
1868,svteaxgqyhfokrshymrwavrxklblzp,1
1869,wanzmimjzmctjbjwghicdgfwpnwumi,0
1870,eqcztpybjpceysvqjrhouqamivadhm,0
1871,nifymxohssophonisbaxdassentedp,1
1872,firkbfldakiqvghnzemphjyudmeomi,0
1873,kqmgzcaaqyhkwcygtbnzidbiyshcth,0
1874,aroomlddearlbeemraiqqorhprkijm,1
1875,ehnxuplzvkawdputkrykhttxdmpptd,1
1876,qqwxkrxthingsewpungekynwnmstsg,1
1877,alhdtduviqvidncbtxpcwkmjdvxskt,0
1878,orrmemzportmanteauryuhogivrycs,1
1879,baqgzusznjtdwintjqcrrpbrtxxpjn,0
1880,kbnwnuedofwsrigcucustombolapgx,1
1881,lteempnndgsxovospvhbfsecqvlwfn,0
1882,jhlkejgfnsgzakrqavgxcssoninvar,0
1883,iableuhvbvathdjqtkmbgaspfsvheq,0
1884,regrcsourcfbarhzzekxjppxowojsu,0
1885,eitalygmkocvdqcfjfqyearlyzmckw,1
1886,bqtnxefaqzallsvuxplbwcmyesryah,0
1887,vaxjrkylpzdomzmqhggicjprnyesht,0
1888,yybuvibmldfzpzshsqonqbtjfstart,1
1889,xiwfjzbikzymbzrewwzridfwbdpbmi,0
1890,sjjyjqjngkpremeditatedvjasznrn,1
1891,ocstotsxvnqzkssbpssagbootsltoo,1
1892,qztkyzrlrwcuvqmknrdcueqcjhhcvh,0
1893,noyavjxcczlflvjbvugegfagykcgbn,0
1894,fpzdpwxqzlelhznhztuecqimperati,0
1895,vegpknhepdnwdemandkdzcgolmaoyk,1
1896,ufiwevnmtqifnevxfibluggageblnk,1
1897,czsqmipufmwcnpnnugqyxofpcauszu,0
1898,mdtsrgzmbtqfkhjreadyatsmadrfxu,1
1899,rvmqxqrkifelwcabrqwvzjlbycnigh,0
1900,tbfsmpwbjixnwloszlcykyixidvbxr,0
1901,byvqcxlucpyykqvioscgzxthsjpknu,0
1902,lztcbgreenelmavlbbnfahjlmfwpzt,1
1903,tfkcmecxiietpavseqwjcxsxfhygrn,0
1904,vmvyuljxgkasjleyeosittingtdpvv,1
1905,icnbvfktfcaqbsrlxcvhxpozrrpbrg,0
1906,angqvhyuqwzgqrmoteghuepzroomvh,1
1907,iyodwnjrqsgynkjdzoplkblpshqpif,0
1908,cmqkgtmrukrbuhiqhxmnnuebvnmadv,0
1909,bzspjwnionewrowypqopfoundvhjkr,1
1910,zjuaaqfgzdyorybyyfoyeepupihcpj,0
1911,qqdllsosyyyzqkezpzjnniwjgdakxu,0
1912,oixcpartyrabijlschlyfwuxwqlwhj,1
1913,uuxtvxratkefawareritevmrmyeqek,1
1914,jyfeckpytdfehfahiphvvtygzpinte,0
1915,ntionsuwxamuonsmfgxwwoymzujctb,0
1916,xupkiwsgbinxeiamyzyxrvbslvgorv,0
1917,jzayvduddexqygwdoopyzydcogoing,1
1918,sfqoyppmvvkahpewwqvgcnpoiuyqtd,0
1919,wbxdummydwgkvksdwikrcxqceppaky,0
1920,hybelvjvfcrhiljlyrraiahfodeser,0
1921,tzndaphhdctihbjrsjrsfgvwlrlwbz,0
1922,jvviahvhgpactwasequuchfazamqqs,0
1923,ypxxsdofzemmrsioyiclymfkwjlbdd,1
1924,yndylbkuodwalrjnglrgreeneuiqze,1
1925,rtbtzuuiejgosdumokqbhkflrfzphw,1
1926,yrzlrqvcydbpcealebudlcrfxgxpmi,0
1927,govfvgjdhtnijfglbjivbgzsgdvvwq,0
1928,xfiksbspkeubvyoqjourneyahnbwtp,1
1929,acfnrukwfqfdujuwttfjpleadedqbs,1
1930,yohkhpjeijztnywwbucszdciucoabl,0
1931,slgnfiolwbmmjkslycbiynsbaoacir,0
1932,sfhxioxujweakuqdfaztfehxbrmadg,1
1933,dapologeticdrwnfhbbulblvrpqmwv,1
1934,xkkywivoicezlihhplemfoknmmsxjy,1
1935,kysgtfgxfdwiebsjgxqcjefpxjjzac,0
1936,oljgowqyeiglxsimgigkyzknhpceol,0
1937,vfvupgondfppxynfbrxacjzjourney,1
1938,dgbbnlrworgkmkidplpeylybtwtsxc,0
1939,siqqndgmuvjlighlsirhrsalopwczx,1
1940,gspofhgbkyjkvpdlvvaqhinkjxwzkl,0
1941,hspkktluqjrdqqimrsmisoskfonkwq,1
1942,ubzslzbgotvuaekfyqpgreeneaqnxw,1
1943,leotfkdfkavbujbytvixnptfqoaxym,0
1944,wnygagqcowdgedczuxqslzmmomentd,1
1945,cbeovaosfgrmujczvrjkwfgpfwjbzw,0
1946,mpmnxzlnrkhudojtsivnutsigvbqik,0
1947,gricasrtxmfbkhavelktfnfaeqputa,1
1948,ffkubhqclryjmukenuakhehytjkfpa,0
1949,pnqhldapuffxelrboeuodnpnshspdw,0
1950,nhjinconvenienceuuqdnsprwjvssw,1
1951,caccountmyvsyybigicgmjevbxvzmf,1
1952,vnufwclpbvodavhhhzybqhxoimhxxr,0
1953,nhhlakhfdwgsmirzrebxsbdtwfivha,0
1954,dguyjdzeigberlckfwifjjzfoqstsl,0
1955,pqbkjjfagzlmefgpscootcpkuxscih,0
1956,oqopxpedwytybwsesltiwwytnilost,1
1957,qqlzntmnkqluvworxdezefotvmiyrm,0
1958,zucpvehwuwjfourteensgldqdeyltv,1
1959,zqcwhzgataeobpkznpgwuslhgjtlvn,0
1960,apoleonszoogxlducffjunatcegbqo,0
1961,asxfylfxnskcgzfvtdqgfwhlzosokd,0
1962,hovyumwsmdvgivenfcblxmuftrojgn,1
1963,zxachanyknfvazikywvqssloxrbusg,0
1964,hzqcpcfxcbhhhttmnoomjmmjzvzzji,0
1965,oormfhdniobvryuqsccazbprospect,1
1966,nmeisiffhqzcqxhghfrelsutobuqoh,0
1967,dbcjfuktielsdvndqjgmoaafpihklf,0
1968,cwvozdqegoingzzxbbjtxwyituubql,1
1969,zesyasfbrbebmfebzaozlymuafnhje,0
1970,hwlewyjtbvklhnhggfqundsvlcqwrf,0
1971,ioxvenicezoocoawajmflxkypvwyas,1
1972,scmrvflcnwmnmnlojurrdqkfiapvht,1
1973,efkggrobinsondfvxcvlwqmshmvxxy,1
1974,bdmcaiqmnqrwqxratealqtpnsbesbv,0
1975,twjxyizkoobzzovcgcveyqzvzkljfj,0
1976,tpcotmvoqhajnohyfabreakupsrwnn,1
1977,ihkubecgvqaozigitcpengagementf,1
1978,tkadmebnpayvidhjgliotanorljmkk,0
1979,knfftmisskjvlgldccmqwalkerfcpb,1
1980,caxixbvznsophonisbayyncerwqvmw,1
1981,yxpatfnvcxlhadxdpmfxvqxzapycyf,1
1982,mgeswordlrdeajnyhpbtzvucgjptpm,1
1983,hengagementfxgwlixujgimisscukx,1
1984,vlwlnidnweobpzhkqmpedkhfqyxxpn,0
1985,mydnhllhrfhrypwbvvjrkougnztvsi,0
1986,ywalkerrpfcqdpdgqoqbyrzoqqomtj,1
1987,caxfdbxofpjnelamvezhnffrgqetfs,0
1988,xbxejrgtjuhavinghbjtgmclmentio,1
1989,nedadjxoxrpjrhsyxccgincidental,0
1990,lylbjgpcteaeygapvsssrtctfripwk,0
1991,kfpartysvfmvwqpuoqxagkpnexcrvf,1
1992,cxunlinnspruckmynjcnqbitkplsug,1
1993,naokcrtwfcfcontinuedpyircgyvun,1
1994,ramujqavqjrslijuevuowlddumchtx,0
1995,xhhlspprletlyhavecfezodyznhjsw,1
1996,edzrjlxpgtvqaqpclwxbuvbokioxfj,0
1997,phlrrqchcskjecjcmboutqpiskilgl,0
1998,vmoaecxaubglgmxomnagpdimisledy,1
1999,pyypoznyrsardwxxioutjmjutjthfg,0
2000,psoaqfsqldhqtizzeeppmzlmsswsne,0
2001,njoyedarhwyqzkgekiwfftlgzxtssa,0
2002,jtujuczgxhaywbemzhgnelwflutgwe,0
2003,veningzicnatofdhhyzpcvetjbfkqg,0
2004,uuvmealwzmpaixkofnncekxrxehzed,1
2005,ubtzydyorpcwestpxdrvlbxnvxjeqd,0
2006,ngfoxqtcnikkiszkoshaketxpmcriv,1
2007,rvbhandsasyuvwbylnctbtjiuigzsd,1
2008,dcoelyuqzvhnyttazhsrfqdzaxpgyx,0
2009,izyvxmonjrwwpfdypreviousxlwzcb,1
2010,qxojgfadztislwdlopgzwoywvrsugj,0
2011,gifinalfkshefagxwrdfnabdusskbk,1
2012,hrnftufnvuflejvonrnufrcgtcuhiv,0
2013,mbtpvcldgkfwywbgnczsbuxtdepart,0
2014,urejabdosifnsghxfoxjybbrrotclh,0
2015,pibvmgxhjbqzbihqlcynhqizdezljo,0
2016,presencewwdwnylcytwkfbcqowvgly,1
2017,nnxdnnbqdealasokfisshkgrkpsxun,0
2018,xqdkgslidvnsoefhqqxxacbootsfzc,1
2019,txvqdzziroomxrbwkcndbvcaysozxh,1
2020,qegtfwyjkearhumsynzqtuxlsgivus,0
2021,pcwafqywcsxgcdulglurqmtlmshndc,0
2022,cfqxljvwbxpsvrpcwowwlmlelgpvtw,1
2023,pzezgoobzxvvcjfajedyxvddpdicil,0
2024,oardzepenwlwkimkmwavyltaejmzle,0
2025,avewbdfkefheijjjogujkohowxyniz,0
2026,wiuxqrihbqymecgkofsgagcdwqilci,0
2027,ysqdumaeryosuportmanteaudazreg,1
2028,hflbppbegfkfrkflwaywjrtjzffhpj,0
2029,rvclkndyccwndoisbrsuliviwyffti,0
2030,lluasgvknkkdpdgmeywmgbolhfjwmo,0
2031,rrowjhsvoxwdizgmgofwjxsjjolbnx,0
2032,vmcuuvbaoonxolibbdtkesrgwvcmmn,0
2033,mlkcbvjvwrrlrykugvmauvmorningw,1
2034,hxjojqrurobqttskpdfpwgnzjgdret,0
2035,becauseqqnfkwesnkcifwpgwehhaie,1
2036,gijubjxcaxmpzyytftvlqgxiakehpv,0
2037,zicikswrtvtwwlhkjaaourxucrowdt,1
2038,xxyplxfssjotxkgxrjwuqiaeahdnas,0
2039,hmqpurcbqcqaiistgavpfwnucirbos,0
2040,txdsjbavubzxsdbkejkdzthingspsa,1
2041,dgokchexwltevnrbwmfatwwcfhhilu,0
2042,rshifaohallpjoqkmowyvwgxzvfdcw,1
2043,utypekzehtvkvodsawwsrrfdqoudtv,0
2044,dbigrerococbeubbvvlpqhrmuqdnhp,1
2045,mchfdhvwzvxtrmojbwfrshdbzuzlgn,0
2046,wzcwajkifvixgdebtspkzzimqtrunk,1
2047,nprbrvhtdkpmwsnclrsirfzmtunado,0
2048,arlpfqdfcsflbigrxzfzbqkvvzrolo,1
2049,zgeiykmfsdqtpstwluhqkortrunkiz,1
2050,ylrjdsjyctwasamgnpilhutbronitm,0
2051,mxszkvfkpbigyvhnhimwudnbdyfldb,1
2052,xlozykyhwdwcbaznucqjmmekxjbffu,0
2053,zdqhqcytcgfcdwezimemqgfrfzsvmj,0
2054,iwybwtcqtrunkzpawnszprbvslqbar,1
2055,kprzgyemygoxtrunkqdkwrtlzoupne,1
2056,fulrhxpymrnvjdqjynyhvlcdztcboc,0
2057,ooophyxnhrcuuplwgpjdskwxnyisnr,0
2058,ozbkbtsyybfkubpmnozbaadmrrugeq,1
2059,aemeievxoqytbrhszzgptkskjmpndq,0
2060,dvdhwlvewmgatsrawmigfcgmmbbabz,0
2061,tzuzppodpanfeuvportmanteauntbn,1
2062,ksbypdjxfjcgotxhvhoqtipumxuanp,0
2063,guljryvdwtngzhjtsnglopvdmwyhnj,0
2064,ankcbtjhstoodlotadleuirvzjsiuz,1
2065,ldtzutpttnkqzprtcbkdaggiyffvfz,0
2066,wtkluxylbpbfdxthnakvwjlpfjxbem,0
2067,pkfgihvaokjonibpmdzcfnyuzmmgoy,1
2068,jteizvanxhgzhysxholovaclnqbbhi,0
2069,pgvbhpzazquxmjmwncenktxfrolfjp,0
2070,fqhfkkmnvmxmhvqvoyllookedgrdur,1
2071,jpurxjvskicylgqkemoodmpgyccsmj,0
2072,gdzhpmojutqroundzxcfskxqwbsrtv,1
2073,nmmjbxwbrrekwffjhmrdpvuthltbjf,1
2074,vpsgsafrzygirtikidjbfsemqguegx,0
2075,mqifspmzznnoeijwsypdbdsbkvglmr,0
2076,slhrnolcrxfpwlqkcshiernlhcrdfl,0
2077,wqmissqfsuadvfydlodcqentebmvot,1
2078,yfxoemquhqplfztejafcuigmcfgxfv,0
2079,ufbgtevfhrhmkzwgkbhbdmmurztgre,0
2080,enecrxgqrgknusbfrypeaxehbezcjr,0
2081,unelalookingognrsrmqdyxjmrtfcf,1
2082,ceqvozwzxfibkrlfzrighnbhclooke,0
2083,dinfbfzxmtysjhetxbbpdcfpqmcnge,0
2084,ndxtmlefgxjzunphaasnlixcwbhnzz,0
2085,imamdqjqdvbawqroundtjgqkbpqshp,1
2086,tbxbmzmuscknpmkmoejlhzkfajzzyw,0
2087,kdqrhtfhbqleyesaqnqlerswpuheug,1
2088,mosudylittbxoewkpbsielutjqydhf,0
2089,drshumlrmetizbyacaheldmoxzcuva,1
2090,epsazzxwwmlnwogfsoobfhiuouhmql,0
2091,unkbncquivwcssurtbdowgxhuaemin,0
2092,eulimwqjsmzgvhyoacqcohopjqvvwi,0
2093,bfeltpqgmmtusturnedyfteoupllwb,1
2094,rnqubfijqgsuxeizjredaiflbmbrzz,1
2095,njmndkkbaclnxfrzzcmoeehjfireoa,1
2096,uumdnzqhthctyzxrmyvskzclmtniek,0
2097,kbjreqnfezbxwnjxfgugjmihnhccvl,0
2098,mttxxmmndbgqtbzcmogomhrthhnimm,0
2099,ediatelybsfwjbjpxtisfwqemzaqxa,0
2100,bvoqvdihmzudjvjioqfutaefoxrzhx,0
2101,jjbxuqsyiglygkvejumpedowhquzvb,1
2102,jssfhxgwrbeoidqikmfocovhktocec,0
2103,cawunoofgeavvsbysksiacaeapebae,0
2104,gkqovvffvvdpiyuxmrripsunyrushe,0
2105,ddnlhgtoaemzngpvxophowzteroomb,1
2106,ixrzyggmroocpllyyfxvmseqznqzxn,0
2107,mqybmgcmhjyxhhearingabkqyabghk,1
2108,zazpbeggwmrrqktrupukedgejvbims,0
2109,jtuxaqialutstepsppdgpdbrpelkni,1
2110,woxxvfpciwpjzelcwpnkiimuwrfxbk,0
2111,xbpmsniwvavyhkomawlodmrcjaosvy,0
2112,followingjedzryvdjblicwagxxrus,1
2113,hedhmilwjrcwyupfrfcmlhiijpcpls,0
2114,pgdbhpjtnplpwleofbcasxyccqpwqc,0
2115,dlsviopbrggqlekhbdrecesscsxljl,1
2116,sbfrfhahbeegxfgrungrnyffjojupa,0
2117,jylskuieswlcyptqjnvxkawqbijpcp,0
2118,ifguyuwolmexxybkxpulledidmiorr,1
2119,yfawimpuhwrhxeczcjljtmmuihamas,0
2120,orfiwmuqhbjkjaxldqwtxvtyiwuoim,0
2121,yvgjqzxgupportmanteauzvdioayoa,1
2122,hvlszmyyxdhbdotwsvdebagiyxbrao,0
2123,qobmcilinjyuijgqczokgoumtxpcim,0
2124,xzmmuztjmaqetofwqanremainedlwb,1
2125,tjtxplacekbfmgdurrxtorepdihxcw,1
2126,yvhxerbeyvkbphgctadyzlmbvjxsfc,0
2127,bguawjlxmidukyupomygiuzbldsoco,0
2128,yapfpydgwpxbyefqrpjgqeswmebopm,0
2129,icarpetakmicyxnsfusxddpesofntr,1
2130,ugpmxaujyigdlqtdteutuwlnkfgspq,0
2131,ikqtqmkahjklypewmrypuysxezmtzj,0
2132,lesgrjsyphrbpyjmqlcoveredcgont,1
2133,cfwdhqcaewtoyhreimfxofupriwnkz,0
2134,bpykjomxfkkzoqivwupeqhooiywifo,0
2135,nqalwqplxlevulbekhazexiihimgom,0
2136,tssupportsynaczrhamxenxyywyyok,1
2137,gcuxwyzfofbrrybcthtitdbqnnhkoe,0
2138,lwxbejkdbeneathschswxdmpgfcptb,1
2139,fsnlgviushukedajdzafddmnjzrbat,0
2140,ogizboecwcgaqghxkxdbbbedqbkznf,0
2141,pekdfioohlwltdofqoxswhitejfzrl,1
2142,xhexekkzskudjpqwwpzmkuchcwtpbv,0
2143,fhegrvjplviwubhjzdmncqcanvasco,1
2144,qsmphyfqyrcampltfvelgiboxlugnr,0
2145,knyrspldzuzjkvrmosqugkgrosoxst,0
2146,tfzadbboggeakwcztbfitzaqhgkcov,0
2147,eredbkndqcshuspkretfffrhrnqqay,0
2148,jhxujlgnmyzvxkacpgpfvthijiapdp,0
2149,qzdwboxqresoozdoaqwxonwzxaobft,1
2150,iiixmkcrholekywikjeqhvyssuepur,1
2151,bkxbxprycanvasszmqtqarwyzilpgy,1
2152,kxlsideipszqsdksmfzzcvklqpwlxd,1
2153,jpqqbboxyfzodhdrslvxcvkspyhwaa,1
2154,uglhllgmrvhjrgkeqnfxmbfhakappe,0
2155,xvunpdjgxicqswqktjhumwmrssbpuj,1
2156,mfibacivrkbbfwlizmhztyzcsbluuy,0
2157,zzxygreenewilgsnlrukipaasqfkew,1
2158,rpudvoncnfgdpzlfaduabhhcbpushi,0
2159,ngtutjwkdvtmckmfwnvhdxjnsqgotb,0
2160,vktluegvfqntcqnfvqlqhhurriedfa,1
2161,cfrnputzhcvybuqabhkvzmrpdijrzv,1
2162,jotywvumlaglvlridkuhjlloifinge,0
2163,rxdlynxzkmppkuhdeqtzlpygzkkypr,0
2164,pbmmnbefkciuyicqxcmeicacoivfvp,0
2165,ezbtvecmoxyjlpxbpacgdzcufdimgc,0
2166,vgagyonwzrentuacbuwaabxrfqgair,1
2167,fngsewziadzrogqxeivpacljutbasl,0
2168,ookrldwtcsmayeruoalcqtdaxhykkl,0
2169,laoxisnujhnxweqpehqzzcuuldddbi,0
2170,bwaclbkydmrdoqhvgealmxgwnbvuur,1
2171,tpfikfjyahbmdbgreeneclzxixeyan,1
2172,bglkoeznmkdviwrnqczdcsfmlevrxp,0
2173,upqzpjmwggvynrxfeioahmrcxlmzrs,0
2174,qrddunzxhdfytijgtkpxunixlyqail,0
2175,peeringwgclbfbtkkgquwvgkqjdkff,1
2176,chtuvoqdxhxiuswsyctlrnfmhzbmgb,0
2177,wvnmkhmmkvaczkbmzwwednzwalwife,0
2178,lmribtlphirnmrqufyjqfglqdtoyki,0
2179,qwpzuisyiqxtfvqndfloabwdshould,0
2180,erwcdtkzqbncrixmdxeslmhqlalqvs,1
2181,doubtpyjboxyjirxmyomelrtbmbzck,1
2182,awnmfklpwpoygrzaakxhhlggfliegg,0
2183,pvdvgpschzfzsophonisbauoqqlatp,1
2184,kcbcywadcqnisfmvagzhqejxtzyrbw,0
2185,gdjfxucavrcrztuhkytraesoaojfag,0
2186,rdmxpavujkmdihbliferiftmidecgt,1
2187,ulzdjuhrouivwcmwoyurhwksufwztr,0
2188,ehlecjhudqjaqzrqdkxgftwjpwljsi,0
2189,deulefrxbqpmqygjuwpakiqoacassu,0
2190,mebduaaymmuumckyylqarrvxvgznpz,0
2191,lrqvnrljfxseqnwrdvmitvindiffer,0
2192,entmlookvnfckgcjwqsfbxryuubydl,1
